epoch | loss | sim_loss | var_pred | var_target | cov_pred | cov_target | feat_std | feat_std_ctx | feat_norm | val_loss | val_sim_loss | val_var_pred | val_var_target | val_cov_pred | val_cov_target | val_feat_std | val_feat_std_ctx | val_feat_norm
1 | 5.4588 | 0.3923 | 0.8338 | 0.1879 | 1.4307 | 38.3071 | 0.1659 | 0.8558 | 3.6545 | 7.5005 | 0.3663 | 0.8925 | 0.1550 | 24.4880 | 36.1415 | 0.1070 | 0.9121 | 2.4802
2 | 2.0957 | 0.3739 | 0.8143 | 0.0506 | 1.2992 | 6.4098 | 0.1855 | 0.9715 | 3.9259 | 5.4056 | 0.3511 | 0.8527 | 0.1212 | 15.3899 | 24.8778 | 0.1469 | 0.9243 | 3.2364
3 | 1.8697 | 0.3595 | 0.8059 | 0.0465 | 1.3088 | 4.3035 | 0.1939 | 0.9329 | 4.0969 | 4.6531 | 0.3408 | 0.8305 | 0.1057 | 12.5765 | 20.4262 | 0.1692 | 0.8754 | 3.6929
4 | 1.7740 | 0.3514 | 0.8012 | 0.0437 | 1.3065 | 3.4434 | 0.1986 | 0.8633 | 4.1909 | 4.4018 | 0.3355 | 0.8194 | 0.0989 | 11.8163 | 18.7753 | 0.1803 | 0.7984 | 3.9361
5 | 1.7317 | 0.3485 | 0.7993 | 0.0439 | 1.3108 | 3.0361 | 0.2005 | 0.7708 | 4.2303 | 4.3290 | 0.3333 | 0.8147 | 0.0997 | 11.6106 | 18.2562 | 0.1851 | 0.6983 | 4.0372
6 | 1.7099 | 0.3467 | 0.7983 | 0.0475 | 1.3168 | 2.7881 | 0.2015 | 0.6618 | 4.2521 | 4.2603 | 0.3319 | 0.8109 | 0.1014 | 11.1948 | 17.9727 | 0.1888 | 0.5886 | 4.1157
7 | 1.6915 | 0.3449 | 0.7975 | 0.0516 | 1.3260 | 2.5685 | 0.2023 | 0.5519 | 4.2705 | 4.1730 | 0.3303 | 0.8088 | 0.1008 | 11.0112 | 17.2967 | 0.1910 | 0.4880 | 4.1625
8 | 1.6784 | 0.3423 | 0.7963 | 0.0567 | 1.3336 | 2.3987 | 0.2035 | 0.4574 | 4.2946 | 4.1379 | 0.3286 | 0.8047 | 0.1051 | 10.7424 | 17.1783 | 0.1951 | 0.4067 | 4.2437
9 | 1.6764 | 0.3406 | 0.7958 | 0.0647 | 1.3407 | 2.3046 | 0.2040 | 0.3844 | 4.3070 | 4.1630 | 0.3274 | 0.8047 | 0.1125 | 10.8042 | 17.2979 | 0.1951 | 0.3457 | 4.2613
10 | 1.6809 | 0.3395 | 0.7958 | 0.0743 | 1.3448 | 2.2591 | 0.2040 | 0.3322 | 4.3109 | 4.0861 | 0.3262 | 0.8030 | 0.1205 | 10.3586 | 16.8998 | 0.1968 | 0.3039 | 4.3002
11 | 1.6895 | 0.3382 | 0.7959 | 0.0844 | 1.3463 | 2.2528 | 0.2039 | 0.2989 | 4.3133 | 4.1146 | 0.3270 | 0.8022 | 0.1300 | 10.2197 | 17.2106 | 0.1976 | 0.2796 | 4.3314
12 | 1.7010 | 0.3372 | 0.7963 | 0.0945 | 1.3461 | 2.2760 | 0.2035 | 0.2821 | 4.3100 | 4.2091 | 0.3257 | 0.8051 | 0.1408 | 10.4186 | 17.8605 | 0.1947 | 0.2688 | 4.2893
13 | 1.7130 | 0.3361 | 0.7965 | 0.1037 | 1.3478 | 2.3108 | 0.2033 | 0.2759 | 4.3118 | 4.2258 | 0.3259 | 0.8054 | 0.1500 | 10.2488 | 18.0966 | 0.1944 | 0.2655 | 4.2963
14 | 1.7169 | 0.3343 | 0.7966 | 0.1127 | 1.3480 | 2.2728 | 0.2032 | 0.2753 | 4.3175 | 4.1891 | 0.3236 | 0.8053 | 0.1574 | 10.1608 | 17.7570 | 0.1945 | 0.2669 | 4.3138
15 | 1.7220 | 0.3327 | 0.7968 | 0.1228 | 1.3477 | 2.2358 | 0.2030 | 0.2796 | 4.3213 | 4.1693 | 0.3225 | 0.8056 | 0.1689 | 10.0365 | 17.5701 | 0.1941 | 0.2709 | 4.3234
16 | 1.7309 | 0.3317 | 0.7972 | 0.1312 | 1.3470 | 2.2484 | 0.2026 | 0.2849 | 4.3193 | 4.1762 | 0.3221 | 0.8061 | 0.1777 | 9.9672 | 17.6174 | 0.1936 | 0.2762 | 4.3273
17 | 1.7383 | 0.3308 | 0.7975 | 0.1388 | 1.3466 | 2.2537 | 0.2023 | 0.2901 | 4.3176 | 4.2144 | 0.3204 | 0.8070 | 0.1839 | 10.1723 | 17.7395 | 0.1927 | 0.2813 | 4.3281
18 | 1.7435 | 0.3300 | 0.7977 | 0.1455 | 1.3467 | 2.2457 | 0.2021 | 0.2950 | 4.3156 | 4.2056 | 0.3199 | 0.8057 | 0.1895 | 10.0585 | 17.7052 | 0.1940 | 0.2852 | 4.3630
19 | 1.7503 | 0.3293 | 0.7980 | 0.1521 | 1.3463 | 2.2556 | 0.2018 | 0.2996 | 4.3102 | 4.2341 | 0.3194 | 0.8073 | 0.1943 | 10.0176 | 17.9897 | 0.1925 | 0.2903 | 4.3339
20 | 1.7535 | 0.3285 | 0.7981 | 0.1576 | 1.3461 | 2.2414 | 0.2017 | 0.3044 | 4.3092 | 4.2490 | 0.3188 | 0.8086 | 0.1999 | 10.1364 | 17.9703 | 0.1912 | 0.2945 | 4.3136
21 | 1.7567 | 0.3276 | 0.7981 | 0.1627 | 1.3456 | 2.2322 | 0.2017 | 0.3087 | 4.3070 | 4.2125 | 0.3179 | 0.8085 | 0.2040 | 9.9460 | 17.7616 | 0.1912 | 0.2987 | 4.3203
22 | 1.7597 | 0.3263 | 0.7982 | 0.1676 | 1.3456 | 2.2256 | 0.2016 | 0.3130 | 4.3053 | 4.2315 | 0.3158 | 0.8081 | 0.2077 | 10.1663 | 17.7118 | 0.1916 | 0.3030 | 4.3310
23 | 1.7604 | 0.3250 | 0.7982 | 0.1710 | 1.3456 | 2.2131 | 0.2016 | 0.3172 | 4.3046 | 4.1955 | 0.3154 | 0.8080 | 0.2109 | 9.9600 | 17.5277 | 0.1917 | 0.3064 | 4.3360
24 | 1.7615 | 0.3238 | 0.7983 | 0.1752 | 1.3458 | 2.1943 | 0.2015 | 0.3212 | 4.3018 | 4.2040 | 0.3141 | 0.8104 | 0.2142 | 10.0585 | 17.5011 | 0.1893 | 0.3107 | 4.2882
25 | 1.7618 | 0.3227 | 0.7984 | 0.1789 | 1.3455 | 2.1727 | 0.2014 | 0.3252 | 4.2974 | 4.2335 | 0.3135 | 0.8095 | 0.2160 | 10.3735 | 17.4641 | 0.1902 | 0.3147 | 4.3114
26 | 1.7616 | 0.3219 | 0.7985 | 0.1818 | 1.3459 | 2.1509 | 0.2012 | 0.3298 | 4.2940 | 4.2409 | 0.3115 | 0.8098 | 0.2198 | 10.3748 | 17.5170 | 0.1899 | 0.3191 | 4.3053
27 | 1.7638 | 0.3207 | 0.7987 | 0.1854 | 1.3456 | 2.1489 | 0.2011 | 0.3344 | 4.2901 | 4.2014 | 0.3105 | 0.8102 | 0.2233 | 10.2255 | 17.2524 | 0.1894 | 0.3243 | 4.2916
28 | 1.7654 | 0.3196 | 0.7989 | 0.1886 | 1.3458 | 2.1460 | 0.2009 | 0.3385 | 4.2874 | 4.2151 | 0.3104 | 0.8102 | 0.2257 | 10.0355 | 17.5555 | 0.1895 | 0.3265 | 4.2920
29 | 1.7703 | 0.3189 | 0.7991 | 0.1918 | 1.3454 | 2.1707 | 0.2007 | 0.3416 | 4.2812 | 4.2639 | 0.3096 | 0.8102 | 0.2289 | 10.2560 | 17.8010 | 0.1895 | 0.3295 | 4.2914
30 | 1.7747 | 0.3178 | 0.7992 | 0.1949 | 1.3451 | 2.1962 | 0.2006 | 0.3445 | 4.2797 | 4.2601 | 0.3077 | 0.8101 | 0.2312 | 10.3350 | 17.6766 | 0.1896 | 0.3329 | 4.2980
31 | 1.7788 | 0.3171 | 0.7992 | 0.1977 | 1.3449 | 2.2165 | 0.2005 | 0.3471 | 4.2780 | 4.3450 | 0.3075 | 0.8110 | 0.2347 | 10.5505 | 18.2770 | 0.1887 | 0.3341 | 4.2861
32 | 1.7830 | 0.3168 | 0.7994 | 0.2005 | 1.3457 | 2.2335 | 0.2004 | 0.3495 | 4.2741 | 4.3083 | 0.3083 | 0.8120 | 0.2379 | 10.2984 | 18.1294 | 0.1876 | 0.3360 | 4.2566
33 | 1.7885 | 0.3160 | 0.7995 | 0.2043 | 1.3449 | 2.2599 | 0.2003 | 0.3518 | 4.2719 | 4.3429 | 0.3065 | 0.8117 | 0.2398 | 10.5379 | 18.2289 | 0.1879 | 0.3392 | 4.2689
34 | 1.7959 | 0.3159 | 0.7996 | 0.2069 | 1.3449 | 2.3100 | 0.2002 | 0.3541 | 4.2703 | 4.3096 | 0.3067 | 0.8099 | 0.2413 | 10.2898 | 18.1235 | 0.1898 | 0.3402 | 4.3060
35 | 1.7984 | 0.3157 | 0.7997 | 0.2089 | 1.3442 | 2.3177 | 0.2001 | 0.3556 | 4.2668 | 4.2963 | 0.3071 | 0.8131 | 0.2440 | 10.3426 | 17.9175 | 0.1866 | 0.3427 | 4.2389
36 | 1.7996 | 0.3152 | 0.7998 | 0.2113 | 1.3433 | 2.3110 | 0.2000 | 0.3572 | 4.2653 | 4.3283 | 0.3050 | 0.8108 | 0.2462 | 10.5768 | 17.9892 | 0.1888 | 0.3431 | 4.2973
37 | 1.8051 | 0.3148 | 0.8000 | 0.2139 | 1.3436 | 2.3455 | 0.1998 | 0.3587 | 4.2621 | 4.3255 | 0.3044 | 0.8112 | 0.2486 | 10.4575 | 18.0646 | 0.1885 | 0.3454 | 4.2864
38 | 1.8144 | 0.3143 | 0.8001 | 0.2174 | 1.3438 | 2.4082 | 0.1997 | 0.3604 | 4.2600 | 4.3861 | 0.3048 | 0.8116 | 0.2518 | 10.7387 | 18.3508 | 0.1880 | 0.3465 | 4.2841
39 | 1.8232 | 0.3143 | 0.8004 | 0.2209 | 1.3433 | 2.4627 | 0.1994 | 0.3614 | 4.2552 | 4.3726 | 0.3032 | 0.8115 | 0.2555 | 10.7957 | 18.1376 | 0.1881 | 0.3474 | 4.2872
40 | 1.8271 | 0.3134 | 0.8005 | 0.2232 | 1.3420 | 2.4893 | 0.1993 | 0.3624 | 4.2531 | 4.3164 | 0.3037 | 0.8112 | 0.2561 | 10.5136 | 17.8505 | 0.1885 | 0.3494 | 4.2853
41 | 1.8359 | 0.3128 | 0.8007 | 0.2257 | 1.3412 | 2.5598 | 0.1991 | 0.3636 | 4.2480 | 4.3380 | 0.3024 | 0.8125 | 0.2592 | 10.6161 | 17.9472 | 0.1871 | 0.3502 | 4.2634
42 | 1.8486 | 0.3120 | 0.8009 | 0.2281 | 1.3405 | 2.6716 | 0.1989 | 0.3648 | 4.2454 | 4.3407 | 0.3035 | 0.8130 | 0.2611 | 10.2935 | 18.2750 | 0.1867 | 0.3503 | 4.2445
43 | 1.8597 | 0.3113 | 0.8011 | 0.2310 | 1.3399 | 2.7618 | 0.1987 | 0.3656 | 4.2414 | 4.3328 | 0.3000 | 0.8117 | 0.2639 | 10.5163 | 17.9703 | 0.1879 | 0.3510 | 4.2810
44 | 1.8745 | 0.3103 | 0.8012 | 0.2337 | 1.3387 | 2.8942 | 0.1986 | 0.3660 | 4.2390 | 4.2673 | 0.3032 | 0.8139 | 0.2643 | 9.9753 | 17.8369 | 0.1857 | 0.3516 | 4.2163
45 | 1.8990 | 0.3100 | 0.8015 | 0.2355 | 1.3371 | 3.1267 | 0.1983 | 0.3661 | 4.2339 | 4.3081 | 0.3007 | 0.8124 | 0.2666 | 10.4211 | 17.7867 | 0.1872 | 0.3527 | 4.2634
46 | 1.9109 | 0.3094 | 0.8018 | 0.2375 | 1.3359 | 3.2338 | 0.1980 | 0.3654 | 4.2283 | 4.2663 | 0.2999 | 0.8131 | 0.2677 | 10.2062 | 17.5830 | 0.1866 | 0.3508 | 4.2507
47 | 1.9276 | 0.3087 | 0.8019 | 0.2391 | 1.3345 | 3.3929 | 0.1979 | 0.3647 | 4.2268 | 4.2691 | 0.2988 | 0.8134 | 0.2692 | 10.2546 | 17.5563 | 0.1862 | 0.3502 | 4.2494
48 | 1.9505 | 0.3083 | 0.8021 | 0.2409 | 1.3341 | 3.6089 | 0.1977 | 0.3640 | 4.2228 | 4.2676 | 0.2996 | 0.8146 | 0.2703 | 10.1054 | 17.6774 | 0.1850 | 0.3504 | 4.2203
49 | 1.9747 | 0.3077 | 0.8023 | 0.2426 | 1.3328 | 3.8411 | 0.1975 | 0.3636 | 4.2193 | 4.2721 | 0.2981 | 0.8144 | 0.2719 | 9.8996 | 17.9276 | 0.1852 | 0.3514 | 4.2225
50 | 2.0049 | 0.3072 | 0.8025 | 0.2444 | 1.3311 | 4.1326 | 0.1972 | 0.3633 | 4.2157 | 4.3083 | 0.2982 | 0.8135 | 0.2726 | 10.0680 | 18.1109 | 0.1861 | 0.3513 | 4.2438
51 | 2.0413 | 0.3069 | 0.8027 | 0.2450 | 1.3302 | 4.4940 | 0.1971 | 0.3629 | 4.2135 | 4.3528 | 0.2971 | 0.8137 | 0.2739 | 9.9607 | 18.6579 | 0.1860 | 0.3493 | 4.2464
52 | 2.1045 | 0.3064 | 0.8028 | 0.2461 | 1.3294 | 5.1203 | 0.1969 | 0.3622 | 4.2114 | 4.4255 | 0.2967 | 0.8127 | 0.2755 | 10.1510 | 19.1722 | 0.1870 | 0.3486 | 4.2785
53 | 2.1390 | 0.3057 | 0.8029 | 0.2473 | 1.3278 | 5.4622 | 0.1969 | 0.3613 | 4.2107 | 4.3524 | 0.2968 | 0.8146 | 0.2770 | 9.6351 | 18.9542 | 0.1850 | 0.3477 | 4.2255
54 | 2.1685 | 0.3048 | 0.8029 | 0.2487 | 1.3261 | 5.7533 | 0.1969 | 0.3600 | 4.2115 | 4.4225 | 0.2947 | 0.8142 | 0.2784 | 10.1105 | 19.1796 | 0.1855 | 0.3470 | 4.2445
55 | 2.1970 | 0.3043 | 0.8031 | 0.2499 | 1.3249 | 6.0332 | 0.1967 | 0.3585 | 4.2084 | 4.4821 | 0.2939 | 0.8141 | 0.2793 | 10.0142 | 19.8684 | 0.1856 | 0.3455 | 4.2496
56 | 2.2432 | 0.3037 | 0.8031 | 0.2511 | 1.3230 | 6.4912 | 0.1967 | 0.3571 | 4.2078 | 4.4124 | 0.2939 | 0.8142 | 0.2801 | 9.7746 | 19.4051 | 0.1855 | 0.3442 | 4.2453
57 | 2.2721 | 0.3033 | 0.8032 | 0.2524 | 1.3218 | 6.7726 | 0.1965 | 0.3558 | 4.2055 | 4.4463 | 0.2928 | 0.8147 | 0.2815 | 9.7246 | 19.7929 | 0.1849 | 0.3426 | 4.2333
58 | 2.2963 | 0.3026 | 0.8034 | 0.2530 | 1.3206 | 7.0160 | 0.1964 | 0.3542 | 4.2033 | 4.4244 | 0.2923 | 0.8147 | 0.2816 | 9.6633 | 19.6387 | 0.1849 | 0.3417 | 4.2345
59 | 2.3022 | 0.3017 | 0.8034 | 0.2538 | 1.3189 | 7.0785 | 0.1964 | 0.3529 | 4.2019 | 4.4518 | 0.2914 | 0.8140 | 0.2826 | 9.6908 | 19.8800 | 0.1856 | 0.3407 | 4.2523
60 | 2.3328 | 0.3009 | 0.8035 | 0.2541 | 1.3179 | 7.3900 | 0.1963 | 0.3514 | 4.1997 | 4.4801 | 0.2910 | 0.8148 | 0.2830 | 9.7115 | 20.1471 | 0.1848 | 0.3394 | 4.2326
61 | 2.3563 | 0.3005 | 0.8036 | 0.2541 | 1.3164 | 7.6313 | 0.1962 | 0.3505 | 4.1988 | 4.4664 | 0.2905 | 0.8134 | 0.2826 | 9.6018 | 20.1203 | 0.1862 | 0.3377 | 4.2684
62 | 2.3833 | 0.2992 | 0.8037 | 0.2549 | 1.3161 | 7.9069 | 0.1961 | 0.3494 | 4.1962 | 4.5334 | 0.2886 | 0.8143 | 0.2843 | 9.7725 | 20.6228 | 0.1853 | 0.3380 | 4.2517
63 | 2.4081 | 0.2979 | 0.8038 | 0.2558 | 1.3151 | 8.1604 | 0.1960 | 0.3483 | 4.1928 | 4.5428 | 0.2870 | 0.8150 | 0.2855 | 9.9278 | 20.5670 | 0.1846 | 0.3373 | 4.2378
64 | 2.4254 | 0.2964 | 0.8040 | 0.2568 | 1.3143 | 8.3400 | 0.1958 | 0.3473 | 4.1889 | 4.5697 | 0.2854 | 0.8165 | 0.2875 | 9.8294 | 20.9355 | 0.1831 | 0.3357 | 4.2053
65 | 2.4608 | 0.2950 | 0.8041 | 0.2579 | 1.3131 | 8.6979 | 0.1956 | 0.3470 | 4.1863 | 4.5414 | 0.2849 | 0.8157 | 0.2889 | 9.4669 | 21.0063 | 0.1839 | 0.3340 | 4.2174
66 | 2.4635 | 0.2937 | 0.8042 | 0.2588 | 1.3118 | 8.7300 | 0.1955 | 0.3469 | 4.1849 | 4.5827 | 0.2829 | 0.8149 | 0.2895 | 9.9070 | 20.9849 | 0.1846 | 0.3360 | 4.2439
67 | 2.4582 | 0.2925 | 0.8043 | 0.2595 | 1.3109 | 8.6823 | 0.1955 | 0.3469 | 4.1836 | 4.5578 | 0.2815 | 0.8151 | 0.2912 | 9.6818 | 20.9626 | 0.1845 | 0.3351 | 4.2332
68 | 2.4869 | 0.2905 | 0.8045 | 0.2608 | 1.3088 | 8.9787 | 0.1952 | 0.3468 | 4.1791 | 4.6222 | 0.2795 | 0.8157 | 0.2922 | 9.9192 | 21.3715 | 0.1839 | 0.3348 | 4.2362
69 | 2.5078 | 0.2889 | 0.8046 | 0.2614 | 1.3078 | 9.1985 | 0.1951 | 0.3469 | 4.1778 | 4.5643 | 0.2796 | 0.8163 | 0.2922 | 9.6374 | 21.0780 | 0.1833 | 0.3355 | 4.2171
70 | 2.5074 | 0.2877 | 0.8047 | 0.2620 | 1.3066 | 9.2021 | 0.1950 | 0.3473 | 4.1768 | 4.5557 | 0.2778 | 0.8163 | 0.2938 | 9.6453 | 20.9851 | 0.1833 | 0.3367 | 4.2207
71 | 2.5126 | 0.2869 | 0.8049 | 0.2627 | 1.3057 | 9.2553 | 0.1949 | 0.3478 | 4.1744 | 4.5480 | 0.2775 | 0.8158 | 0.2943 | 9.5183 | 21.0300 | 0.1838 | 0.3368 | 4.2330
72 | 2.5207 | 0.2861 | 0.8050 | 0.2631 | 1.3043 | 9.3413 | 0.1948 | 0.3481 | 4.1725 | 4.5599 | 0.2758 | 0.8166 | 0.2959 | 9.7273 | 20.9411 | 0.1830 | 0.3387 | 4.2202
73 | 2.5354 | 0.2849 | 0.8051 | 0.2633 | 1.3025 | 9.4988 | 0.1947 | 0.3486 | 4.1714 | 4.5686 | 0.2762 | 0.8164 | 0.2957 | 9.6266 | 21.1288 | 0.1832 | 0.3388 | 4.2209
74 | 2.5397 | 0.2842 | 0.8052 | 0.2638 | 1.3024 | 9.5442 | 0.1946 | 0.3490 | 4.1700 | 4.6059 | 0.2742 | 0.8169 | 0.2967 | 9.8282 | 21.3074 | 0.1827 | 0.3392 | 4.2168
75 | 2.5363 | 0.2838 | 0.8053 | 0.2641 | 1.3010 | 9.5134 | 0.1945 | 0.3492 | 4.1691 | 4.6064 | 0.2747 | 0.8168 | 0.2971 | 9.7073 | 21.4260 | 0.1828 | 0.3389 | 4.2147
76 | 2.5400 | 0.2831 | 0.8053 | 0.2645 | 1.2999 | 9.5540 | 0.1945 | 0.3491 | 4.1685 | 4.6132 | 0.2737 | 0.8180 | 0.2985 | 9.7908 | 21.4094 | 0.1816 | 0.3380 | 4.1915
77 | 2.5409 | 0.2818 | 0.8055 | 0.2657 | 1.2993 | 9.5638 | 0.1943 | 0.3491 | 4.1656 | 4.6320 | 0.2717 | 0.8174 | 0.3002 | 9.8225 | 21.5653 | 0.1822 | 0.3394 | 4.2044
78 | 2.5506 | 0.2806 | 0.8056 | 0.2669 | 1.2974 | 9.6641 | 0.1942 | 0.3491 | 4.1641 | 4.6415 | 0.2712 | 0.8173 | 0.3016 | 9.9260 | 21.5465 | 0.1823 | 0.3391 | 4.2098
79 | 2.5474 | 0.2797 | 0.8057 | 0.2680 | 1.2964 | 9.6306 | 0.1941 | 0.3492 | 4.1623 | 4.6282 | 0.2701 | 0.8177 | 0.3037 | 9.7974 | 21.5331 | 0.1819 | 0.3376 | 4.2017
80 | 2.5503 | 0.2785 | 0.8058 | 0.2692 | 1.2950 | 9.6607 | 0.1940 | 0.3492 | 4.1607 | 4.6336 | 0.2682 | 0.8181 | 0.3057 | 9.8087 | 21.5764 | 0.1815 | 0.3386 | 4.1908
81 | 2.5552 | 0.2771 | 0.8059 | 0.2707 | 1.2943 | 9.7099 | 0.1939 | 0.3488 | 4.1579 | 4.6689 | 0.2675 | 0.8187 | 0.3076 | 10.0771 | 21.6500 | 0.1809 | 0.3381 | 4.1804
82 | 2.5474 | 0.2759 | 0.8060 | 0.2723 | 1.2927 | 9.6294 | 0.1937 | 0.3482 | 4.1549 | 4.6594 | 0.2668 | 0.8183 | 0.3093 | 10.0476 | 21.5722 | 0.1813 | 0.3379 | 4.1906
83 | 2.5496 | 0.2749 | 0.8062 | 0.2738 | 1.2910 | 9.6488 | 0.1936 | 0.3475 | 4.1510 | 4.6553 | 0.2652 | 0.8183 | 0.3110 | 10.0238 | 21.5556 | 0.1813 | 0.3363 | 4.1888
84 | 2.5461 | 0.2738 | 0.8063 | 0.2753 | 1.2895 | 9.6121 | 0.1935 | 0.3466 | 4.1492 | 4.6371 | 0.2647 | 0.8182 | 0.3128 | 9.9285 | 21.4572 | 0.1814 | 0.3352 | 4.1846
85 | 2.5357 | 0.2725 | 0.8065 | 0.2774 | 1.2883 | 9.5015 | 0.1933 | 0.3453 | 4.1456 | 4.6126 | 0.2628 | 0.8190 | 0.3150 | 9.9369 | 21.2030 | 0.1806 | 0.3334 | 4.1699
86 | 2.5262 | 0.2710 | 0.8066 | 0.2794 | 1.2856 | 9.4045 | 0.1932 | 0.3439 | 4.1435 | 4.6215 | 0.2620 | 0.8196 | 0.3165 | 9.9514 | 21.2735 | 0.1800 | 0.3322 | 4.1545
87 | 2.5302 | 0.2697 | 0.8066 | 0.2810 | 1.2846 | 9.4428 | 0.1931 | 0.3423 | 4.1419 | 4.6115 | 0.2604 | 0.8191 | 0.3194 | 9.9387 | 21.1719 | 0.1805 | 0.3311 | 4.1656
88 | 2.5260 | 0.2679 | 0.8068 | 0.2840 | 1.2821 | 9.3920 | 0.1930 | 0.3405 | 4.1383 | 4.6216 | 0.2583 | 0.8193 | 0.3221 | 10.0058 | 21.2012 | 0.1804 | 0.3297 | 4.1616
89 | 2.5345 | 0.2664 | 0.8070 | 0.2865 | 1.2807 | 9.4680 | 0.1928 | 0.3385 | 4.1350 | 4.6200 | 0.2570 | 0.8195 | 0.3250 | 9.9017 | 21.2737 | 0.1801 | 0.3272 | 4.1555
90 | 2.5391 | 0.2648 | 0.8072 | 0.2895 | 1.2786 | 9.5027 | 0.1926 | 0.3365 | 4.1313 | 4.6296 | 0.2561 | 0.8201 | 0.3280 | 9.8572 | 21.3962 | 0.1795 | 0.3242 | 4.1404
91 | 2.5394 | 0.2628 | 0.8074 | 0.2933 | 1.2763 | 9.4920 | 0.1924 | 0.3343 | 4.1265 | 4.6592 | 0.2539 | 0.8204 | 0.3320 | 10.0570 | 21.4762 | 0.1792 | 0.3223 | 4.1321
92 | 2.5358 | 0.2615 | 0.8076 | 0.2961 | 1.2743 | 9.4431 | 0.1922 | 0.3322 | 4.1224 | 4.6612 | 0.2525 | 0.8204 | 0.3353 | 10.0664 | 21.4662 | 0.1792 | 0.3212 | 4.1363
93 | 2.5368 | 0.2596 | 0.8079 | 0.3000 | 1.2728 | 9.4357 | 0.1919 | 0.3301 | 4.1163 | 4.6703 | 0.2506 | 0.8205 | 0.3397 | 10.0161 | 21.5843 | 0.1791 | 0.3191 | 4.1323
94 | 2.5375 | 0.2575 | 0.8082 | 0.3044 | 1.2703 | 9.4221 | 0.1916 | 0.3280 | 4.1096 | 4.6899 | 0.2487 | 0.8212 | 0.3444 | 10.1244 | 21.6452 | 0.1785 | 0.3171 | 4.1190
95 | 2.5375 | 0.2555 | 0.8085 | 0.3089 | 1.2685 | 9.4003 | 0.1913 | 0.3261 | 4.1028 | 4.7148 | 0.2472 | 0.8219 | 0.3486 | 10.2137 | 21.7801 | 0.1778 | 0.3153 | 4.1047
96 | 2.5419 | 0.2538 | 0.8089 | 0.3129 | 1.2662 | 9.4247 | 0.1909 | 0.3244 | 4.0949 | 4.7219 | 0.2455 | 0.8220 | 0.3531 | 10.1438 | 21.8941 | 0.1776 | 0.3135 | 4.0992
97 | 2.5457 | 0.2522 | 0.8092 | 0.3172 | 1.2646 | 9.4393 | 0.1906 | 0.3230 | 4.0875 | 4.7371 | 0.2442 | 0.8226 | 0.3572 | 10.1297 | 22.0342 | 0.1770 | 0.3122 | 4.0868
98 | 2.5529 | 0.2509 | 0.8096 | 0.3207 | 1.2629 | 9.4922 | 0.1902 | 0.3220 | 4.0799 | 4.7487 | 0.2430 | 0.8227 | 0.3607 | 10.1682 | 22.0889 | 0.1769 | 0.3113 | 4.0857
99 | 2.5577 | 0.2497 | 0.8098 | 0.3238 | 1.2621 | 9.5224 | 0.1899 | 0.3213 | 4.0736 | 4.7593 | 0.2424 | 0.8230 | 0.3631 | 10.1465 | 22.2007 | 0.1766 | 0.3106 | 4.0774
100 | 2.5617 | 0.2492 | 0.8100 | 0.3256 | 1.2614 | 9.5524 | 0.1898 | 0.3210 | 4.0696 | 4.7602 | 0.2421 | 0.8231 | 0.3642 | 10.1453 | 22.2027 | 0.1765 | 0.3105 | 4.0757
epoch | loss | sim_loss | var_pred | var_target | cov_pred | cov_target | feat_std | feat_std_ctx | feat_norm | val_loss | val_sim_loss | val_var_pred | val_var_target | val_cov_pred | val_cov_target | val_feat_std | val_feat_std_ctx | val_feat_norm
1 | 5.0995 | 0.3879 | 0.8376 | 0.2420 | 1.4006 | 34.2245 | 0.1621 | 0.7944 | 3.6268 | 18.6330 | 0.3688 | 0.9284 | 0.2771 | 69.8555 | 100.6310 | 0.0708 | 0.7356 | 1.9921
2 | 2.6985 | 0.3829 | 0.8247 | 0.0908 | 1.2982 | 11.9508 | 0.1750 | 0.8921 | 3.7364 | 13.7002 | 0.3603 | 0.9092 | 0.2080 | 52.7179 | 69.3129 | 0.0902 | 0.7618 | 2.3937
3 | 2.1387 | 0.3729 | 0.8194 | 0.0833 | 1.2981 | 6.5217 | 0.1803 | 0.8448 | 3.8423 | 7.5959 | 0.3477 | 0.8731 | 0.1489 | 25.3469 | 36.5312 | 0.1265 | 0.7613 | 2.9450
4 | 1.9179 | 0.3610 | 0.8112 | 0.0709 | 1.3029 | 4.5404 | 0.1886 | 0.7826 | 4.0029 | 7.2474 | 0.3391 | 0.8533 | 0.1296 | 23.1119 | 35.5978 | 0.1464 | 0.6968 | 3.3253
5 | 1.8415 | 0.3546 | 0.8074 | 0.0686 | 1.3074 | 3.8539 | 0.1924 | 0.6896 | 4.0742 | 7.0327 | 0.3321 | 0.8401 | 0.1252 | 22.2280 | 34.4546 | 0.1596 | 0.6028 | 3.5826
6 | 1.8070 | 0.3508 | 0.8058 | 0.0730 | 1.3118 | 3.4965 | 0.1940 | 0.5828 | 4.1059 | 6.9596 | 0.3288 | 0.8336 | 0.1261 | 22.3735 | 33.5944 | 0.1661 | 0.5026 | 3.7227
7 | 1.7863 | 0.3492 | 0.8049 | 0.0761 | 1.3144 | 3.2702 | 0.1949 | 0.4775 | 4.1239 | 6.8955 | 0.3260 | 0.8275 | 0.1269 | 21.8771 | 33.4557 | 0.1722 | 0.4076 | 3.8569
8 | 1.7761 | 0.3485 | 0.8045 | 0.0793 | 1.3165 | 3.1384 | 0.1953 | 0.3854 | 4.1343 | 6.8146 | 0.3238 | 0.8234 | 0.1275 | 21.3530 | 33.1740 | 0.1763 | 0.3302 | 3.9476
9 | 1.7721 | 0.3483 | 0.8045 | 0.0833 | 1.3182 | 3.0567 | 0.1953 | 0.3139 | 4.1376 | 6.7900 | 0.3229 | 0.8209 | 0.1314 | 21.1841 | 33.0567 | 0.1788 | 0.2733 | 4.0096
10 | 1.7710 | 0.3487 | 0.8047 | 0.0862 | 1.3210 | 3.0079 | 0.1951 | 0.2666 | 4.1381 | 6.7819 | 0.3239 | 0.8198 | 0.1327 | 20.9716 | 33.1587 | 0.1800 | 0.2386 | 4.0378
11 | 1.7707 | 0.3491 | 0.8048 | 0.0885 | 1.3238 | 2.9736 | 0.1950 | 0.2382 | 4.1390 | 6.7118 | 0.3228 | 0.8186 | 0.1338 | 20.6642 | 32.7576 | 0.1812 | 0.2183 | 4.0699
12 | 1.7693 | 0.3492 | 0.8047 | 0.0905 | 1.3257 | 2.9343 | 0.1951 | 0.2238 | 4.1444 | 6.6886 | 0.3235 | 0.8184 | 0.1346 | 20.9039 | 32.2660 | 0.1813 | 0.2099 | 4.0807
13 | 1.7671 | 0.3491 | 0.8045 | 0.0910 | 1.3283 | 2.9034 | 0.1953 | 0.2182 | 4.1511 | 6.6838 | 0.3225 | 0.8172 | 0.1357 | 20.6858 | 32.4265 | 0.1825 | 0.2066 | 4.1122
14 | 1.7651 | 0.3493 | 0.8043 | 0.0918 | 1.3303 | 2.8685 | 0.1955 | 0.2171 | 4.1573 | 6.6118 | 0.3223 | 0.8173 | 0.1360 | 20.4811 | 31.9052 | 0.1825 | 0.2074 | 4.1199
15 | 1.7623 | 0.3493 | 0.8041 | 0.0920 | 1.3329 | 2.8338 | 0.1957 | 0.2182 | 4.1632 | 6.4622 | 0.3222 | 0.8167 | 0.1348 | 19.8664 | 31.0331 | 0.1830 | 0.2093 | 4.1352
16 | 1.7576 | 0.3493 | 0.8040 | 0.0911 | 1.3349 | 2.7933 | 0.1958 | 0.2208 | 4.1670 | 6.4205 | 0.3212 | 0.8158 | 0.1343 | 20.1467 | 30.3467 | 0.1839 | 0.2116 | 4.1580
17 | 1.7540 | 0.3490 | 0.8039 | 0.0917 | 1.3364 | 2.7521 | 0.1959 | 0.2237 | 4.1704 | 6.2727 | 0.3223 | 0.8153 | 0.1336 | 18.7171 | 30.2950 | 0.1845 | 0.2156 | 4.1643
18 | 1.7510 | 0.3488 | 0.8037 | 0.0924 | 1.3391 | 2.7136 | 0.1961 | 0.2279 | 4.1752 | 6.2833 | 0.3210 | 0.8148 | 0.1356 | 19.2536 | 29.8514 | 0.1850 | 0.2199 | 4.1814
19 | 1.7473 | 0.3483 | 0.8036 | 0.0936 | 1.3418 | 2.6658 | 0.1962 | 0.2321 | 4.1778 | 6.2348 | 0.3201 | 0.8135 | 0.1362 | 19.3076 | 29.3135 | 0.1862 | 0.2231 | 4.2059
20 | 1.7443 | 0.3477 | 0.8035 | 0.0954 | 1.3432 | 2.6208 | 0.1963 | 0.2356 | 4.1807 | 6.1090 | 0.3188 | 0.8130 | 0.1378 | 18.9617 | 28.3899 | 0.1868 | 0.2274 | 4.2251
21 | 1.7419 | 0.3473 | 0.8034 | 0.0971 | 1.3446 | 2.5817 | 0.1964 | 0.2397 | 4.1832 | 6.1014 | 0.3187 | 0.8128 | 0.1397 | 19.0086 | 28.2443 | 0.1870 | 0.2309 | 4.2379
22 | 1.7407 | 0.3465 | 0.8033 | 0.0999 | 1.3470 | 2.5459 | 0.1964 | 0.2435 | 4.1864 | 6.0802 | 0.3173 | 0.8128 | 0.1422 | 18.9114 | 28.1100 | 0.1870 | 0.2346 | 4.2488
23 | 1.7395 | 0.3459 | 0.8033 | 0.1027 | 1.3487 | 2.5106 | 0.1965 | 0.2468 | 4.1883 | 6.0773 | 0.3165 | 0.8125 | 0.1437 | 18.9933 | 27.9876 | 0.1873 | 0.2376 | 4.2603
24 | 1.7393 | 0.3451 | 0.8033 | 0.1064 | 1.3504 | 2.4763 | 0.1965 | 0.2504 | 4.1889 | 6.0062 | 0.3162 | 0.8123 | 0.1480 | 18.6823 | 27.5426 | 0.1875 | 0.2413 | 4.2716
25 | 1.7414 | 0.3439 | 0.8034 | 0.1118 | 1.3527 | 2.4511 | 0.1964 | 0.2539 | 4.1902 | 6.0509 | 0.3157 | 0.8132 | 0.1529 | 18.8201 | 27.8021 | 0.1866 | 0.2441 | 4.2670
26 | 1.7416 | 0.3430 | 0.8033 | 0.1157 | 1.3547 | 2.4200 | 0.1965 | 0.2573 | 4.1937 | 6.0028 | 0.3155 | 0.8124 | 0.1562 | 18.5517 | 27.5525 | 0.1874 | 0.2474 | 4.2884
27 | 1.7440 | 0.3420 | 0.8033 | 0.1215 | 1.3564 | 2.3923 | 0.1965 | 0.2607 | 4.1957 | 5.9499 | 0.3148 | 0.8127 | 0.1624 | 18.4384 | 27.0717 | 0.1870 | 0.2508 | 4.2984
28 | 1.7469 | 0.3412 | 0.8034 | 0.1278 | 1.3574 | 2.3640 | 0.1964 | 0.2640 | 4.1977 | 5.8989 | 0.3146 | 0.8128 | 0.1671 | 18.1749 | 26.7679 | 0.1869 | 0.2544 | 4.3149
29 | 1.7486 | 0.3404 | 0.8035 | 0.1341 | 1.3598 | 2.3225 | 0.1963 | 0.2684 | 4.1969 | 5.8825 | 0.3119 | 0.8126 | 0.1741 | 18.3184 | 26.4045 | 0.1871 | 0.2599 | 4.3388
30 | 1.7501 | 0.3395 | 0.8036 | 0.1399 | 1.3624 | 2.2837 | 0.1962 | 0.2737 | 4.1985 | 5.8034 | 0.3122 | 0.8128 | 0.1783 | 17.7571 | 26.1255 | 0.1869 | 0.2656 | 4.3391
31 | 1.7463 | 0.3387 | 0.8033 | 0.1422 | 1.3659 | 2.2246 | 0.1965 | 0.2804 | 4.2050 | 5.7498 | 0.3125 | 0.8128 | 0.1803 | 17.4776 | 25.8378 | 0.1869 | 0.2724 | 4.3526
32 | 1.7433 | 0.3381 | 0.8031 | 0.1451 | 1.3686 | 2.1675 | 0.1967 | 0.2874 | 4.2103 | 5.7713 | 0.3118 | 0.8123 | 0.1826 | 17.8592 | 25.6486 | 0.1874 | 0.2788 | 4.3690
33 | 1.7407 | 0.3374 | 0.8030 | 0.1481 | 1.3714 | 2.1144 | 0.1968 | 0.2935 | 4.2149 | 5.7148 | 0.3110 | 0.8123 | 0.1858 | 17.6483 | 25.2645 | 0.1874 | 0.2840 | 4.3784
34 | 1.7399 | 0.3364 | 0.8028 | 0.1517 | 1.3728 | 2.0776 | 0.1970 | 0.2997 | 4.2212 | 5.6750 | 0.3106 | 0.8121 | 0.1909 | 17.4092 | 25.0548 | 0.1876 | 0.2901 | 4.3875
35 | 1.7417 | 0.3356 | 0.8028 | 0.1565 | 1.3742 | 2.0519 | 0.1970 | 0.3055 | 4.2235 | 5.7157 | 0.3094 | 0.8122 | 0.1957 | 17.7342 | 25.0868 | 0.1875 | 0.2954 | 4.4057
36 | 1.7441 | 0.3347 | 0.8027 | 0.1609 | 1.3752 | 2.0384 | 0.1971 | 0.3101 | 4.2276 | 5.6334 | 0.3093 | 0.8123 | 0.1997 | 17.2211 | 24.7367 | 0.1873 | 0.2993 | 4.4042
37 | 1.7460 | 0.3339 | 0.8026 | 0.1643 | 1.3758 | 2.0293 | 0.1972 | 0.3128 | 4.2312 | 5.6088 | 0.3083 | 0.8120 | 0.2045 | 17.2263 | 24.4391 | 0.1876 | 0.2999 | 4.4228
38 | 1.7507 | 0.3334 | 0.8026 | 0.1687 | 1.3756 | 2.0359 | 0.1972 | 0.3141 | 4.2340 | 5.5906 | 0.3083 | 0.8126 | 0.2086 | 17.1423 | 24.2931 | 0.1870 | 0.3009 | 4.4230
39 | 1.7593 | 0.3329 | 0.8027 | 0.1738 | 1.3758 | 2.0742 | 0.1971 | 0.3144 | 4.2340 | 5.5785 | 0.3076 | 0.8122 | 0.2140 | 17.0759 | 24.1844 | 0.1874 | 0.3014 | 4.4408
40 | 1.7698 | 0.3325 | 0.8028 | 0.1770 | 1.3760 | 2.1489 | 0.1970 | 0.3140 | 4.2338 | 5.5863 | 0.3077 | 0.8130 | 0.2177 | 17.1054 | 24.1887 | 0.1866 | 0.3002 | 4.4368
41 | 1.7807 | 0.3319 | 0.8028 | 0.1800 | 1.3757 | 2.2330 | 0.1970 | 0.3141 | 4.2366 | 5.4808 | 0.3075 | 0.8128 | 0.2202 | 16.2429 | 23.9775 | 0.1868 | 0.3007 | 4.4334
42 | 1.7938 | 0.3318 | 0.8028 | 0.1830 | 1.3761 | 2.3349 | 0.1970 | 0.3135 | 4.2379 | 5.5318 | 0.3074 | 0.8135 | 0.2229 | 16.4982 | 24.1996 | 0.1861 | 0.2997 | 4.4333
43 | 1.8078 | 0.3316 | 0.8029 | 0.1863 | 1.3761 | 2.4422 | 0.1969 | 0.3130 | 4.2387 | 5.5694 | 0.3065 | 0.8136 | 0.2275 | 16.6589 | 24.3729 | 0.1860 | 0.2993 | 4.4421
44 | 1.8221 | 0.3314 | 0.8029 | 0.1898 | 1.3760 | 2.5502 | 0.1969 | 0.3126 | 4.2416 | 5.5352 | 0.3079 | 0.8137 | 0.2302 | 16.0984 | 24.5475 | 0.1858 | 0.2999 | 4.4418
45 | 1.8387 | 0.3310 | 0.8029 | 0.1932 | 1.3754 | 2.6861 | 0.1969 | 0.3124 | 4.2431 | 5.5786 | 0.3064 | 0.8136 | 0.2337 | 16.3465 | 24.7068 | 0.1859 | 0.2997 | 4.4532
46 | 1.8699 | 0.3306 | 0.8030 | 0.1965 | 1.3753 | 2.9661 | 0.1967 | 0.3118 | 4.2426 | 5.5320 | 0.3077 | 0.8148 | 0.2364 | 15.8399 | 24.7112 | 0.1847 | 0.2979 | 4.4297
47 | 1.9089 | 0.3305 | 0.8031 | 0.2006 | 1.3738 | 3.3165 | 0.1967 | 0.3108 | 4.2435 | 5.5633 | 0.3071 | 0.8148 | 0.2413 | 15.7672 | 25.0496 | 0.1847 | 0.2989 | 4.4370
48 | 1.9586 | 0.3304 | 0.8033 | 0.2047 | 1.3738 | 3.7727 | 0.1965 | 0.3095 | 4.2430 | 5.7031 | 0.3076 | 0.8151 | 0.2441 | 15.9085 | 26.2702 | 0.1844 | 0.2964 | 4.4348
49 | 2.0073 | 0.3302 | 0.8033 | 0.2078 | 1.3729 | 4.2305 | 0.1965 | 0.3083 | 4.2455 | 5.7596 | 0.3070 | 0.8152 | 0.2469 | 15.7200 | 26.9965 | 0.1843 | 0.2960 | 4.4430
50 | 2.0662 | 0.3303 | 0.8034 | 0.2112 | 1.3728 | 4.7820 | 0.1964 | 0.3070 | 4.2463 | 5.8626 | 0.3066 | 0.8155 | 0.2497 | 16.0409 | 27.6763 | 0.1839 | 0.2944 | 4.4461
51 | 2.1550 | 0.3302 | 0.8034 | 0.2149 | 1.3725 | 5.6334 | 0.1963 | 0.3057 | 4.2477 | 5.9117 | 0.3079 | 0.8161 | 0.2534 | 15.9050 | 28.2515 | 0.1833 | 0.2937 | 4.4383
52 | 2.2254 | 0.3301 | 0.8035 | 0.2183 | 1.3724 | 6.3037 | 0.1963 | 0.3047 | 4.2490 | 5.9832 | 0.3069 | 0.8161 | 0.2565 | 16.1384 | 28.7129 | 0.1833 | 0.2932 | 4.4386
53 | 2.2904 | 0.3297 | 0.8033 | 0.2203 | 1.3726 | 6.9356 | 0.1965 | 0.3044 | 4.2539 | 5.9653 | 0.3061 | 0.8155 | 0.2586 | 15.9266 | 28.7235 | 0.1839 | 0.2927 | 4.4605
54 | 2.3446 | 0.3296 | 0.8033 | 0.2222 | 1.3715 | 7.4601 | 0.1965 | 0.3041 | 4.2552 | 6.0292 | 0.3062 | 0.8160 | 0.2606 | 15.8224 | 29.4476 | 0.1834 | 0.2926 | 4.4507
55 | 2.4052 | 0.3294 | 0.8033 | 0.2246 | 1.3712 | 8.0430 | 0.1965 | 0.3035 | 4.2580 | 6.1031 | 0.3063 | 0.8161 | 0.2629 | 15.7674 | 30.2162 | 0.1833 | 0.2919 | 4.4515
56 | 2.4758 | 0.3296 | 0.8033 | 0.2270 | 1.3708 | 8.7222 | 0.1965 | 0.3031 | 4.2589 | 6.2243 | 0.3072 | 0.8166 | 0.2653 | 15.6477 | 31.5131 | 0.1827 | 0.2916 | 4.4452
57 | 2.5444 | 0.3293 | 0.8033 | 0.2290 | 1.3702 | 9.3903 | 0.1964 | 0.3029 | 4.2602 | 6.2707 | 0.3055 | 0.8166 | 0.2670 | 16.0783 | 31.5356 | 0.1828 | 0.2924 | 4.4636
58 | 2.5785 | 0.3290 | 0.8033 | 0.2305 | 1.3700 | 9.7190 | 0.1965 | 0.3029 | 4.2624 | 6.2646 | 0.3067 | 0.8172 | 0.2684 | 15.9121 | 31.6218 | 0.1822 | 0.2923 | 4.4419
59 | 2.5906 | 0.3289 | 0.8033 | 0.2315 | 1.3696 | 9.8311 | 0.1965 | 0.3026 | 4.2636 | 6.2776 | 0.3062 | 0.8176 | 0.2694 | 16.0538 | 31.6041 | 0.1817 | 0.2913 | 4.4407
60 | 2.6227 | 0.3288 | 0.8034 | 0.2325 | 1.3694 | 10.1421 | 0.1964 | 0.3023 | 4.2635 | 6.3290 | 0.3074 | 0.8180 | 0.2702 | 16.1552 | 31.9988 | 0.1813 | 0.2920 | 4.4305
61 | 2.6588 | 0.3287 | 0.8034 | 0.2333 | 1.3687 | 10.4974 | 0.1964 | 0.3021 | 4.2638 | 6.4339 | 0.3061 | 0.8184 | 0.2715 | 16.4711 | 32.7297 | 0.1809 | 0.2910 | 4.4264
62 | 2.6769 | 0.3285 | 0.8034 | 0.2343 | 1.3694 | 10.6684 | 0.1963 | 0.3021 | 4.2642 | 6.4172 | 0.3061 | 0.8184 | 0.2725 | 16.6646 | 32.3593 | 0.1809 | 0.2911 | 4.4276
63 | 2.7035 | 0.3282 | 0.8035 | 0.2358 | 1.3687 | 10.9213 | 0.1963 | 0.3018 | 4.2644 | 6.4925 | 0.3058 | 0.8186 | 0.2739 | 16.6907 | 33.0718 | 0.1807 | 0.2919 | 4.4275
64 | 2.7108 | 0.3282 | 0.8036 | 0.2369 | 1.3678 | 10.9851 | 0.1962 | 0.3017 | 4.2640 | 6.5226 | 0.3058 | 0.8188 | 0.2750 | 16.8980 | 33.1534 | 0.1805 | 0.2917 | 4.4281
65 | 2.7113 | 0.3282 | 0.8037 | 0.2376 | 1.3676 | 10.9823 | 0.1961 | 0.3016 | 4.2637 | 6.5375 | 0.3067 | 0.8195 | 0.2758 | 17.3434 | 32.8412 | 0.1798 | 0.2909 | 4.4155
66 | 2.7115 | 0.3282 | 0.8038 | 0.2387 | 1.3674 | 10.9716 | 0.1960 | 0.3022 | 4.2641 | 6.5180 | 0.3070 | 0.8186 | 0.2770 | 17.0601 | 32.9119 | 0.1807 | 0.2928 | 4.4334
67 | 2.7126 | 0.3283 | 0.8039 | 0.2395 | 1.3671 | 10.9727 | 0.1959 | 0.3023 | 4.2652 | 6.5296 | 0.3066 | 0.8192 | 0.2785 | 17.2947 | 32.7811 | 0.1801 | 0.2939 | 4.4264
68 | 2.7100 | 0.3283 | 0.8040 | 0.2408 | 1.3667 | 10.9330 | 0.1958 | 0.3028 | 4.2651 | 6.4411 | 0.3070 | 0.8190 | 0.2792 | 17.4915 | 31.6841 | 0.1803 | 0.2942 | 4.4343
69 | 2.7069 | 0.3283 | 0.8041 | 0.2419 | 1.3664 | 10.8889 | 0.1957 | 0.3032 | 4.2654 | 6.3846 | 0.3059 | 0.8193 | 0.2803 | 17.4581 | 31.1541 | 0.1800 | 0.2946 | 4.4273
70 | 2.7053 | 0.3282 | 0.8041 | 0.2426 | 1.3660 | 10.8675 | 0.1957 | 0.3038 | 4.2653 | 6.3492 | 0.3061 | 0.8196 | 0.2812 | 17.6891 | 30.5581 | 0.1797 | 0.2952 | 4.4225
71 | 2.7058 | 0.3279 | 0.8041 | 0.2431 | 1.3653 | 10.8711 | 0.1957 | 0.3042 | 4.2665 | 6.2712 | 0.3062 | 0.8196 | 0.2820 | 17.5524 | 29.9075 | 0.1798 | 0.2958 | 4.4229
72 | 2.7079 | 0.3277 | 0.8041 | 0.2439 | 1.3641 | 10.8873 | 0.1957 | 0.3046 | 4.2669 | 6.2559 | 0.3054 | 0.8198 | 0.2828 | 17.5739 | 29.7316 | 0.1795 | 0.2958 | 4.4213
73 | 2.7098 | 0.3274 | 0.8042 | 0.2450 | 1.3635 | 10.8990 | 0.1956 | 0.3047 | 4.2642 | 6.2513 | 0.3057 | 0.8196 | 0.2837 | 17.7688 | 29.4803 | 0.1797 | 0.2966 | 4.4226
74 | 2.7113 | 0.3271 | 0.8041 | 0.2460 | 1.3626 | 10.9075 | 0.1956 | 0.3048 | 4.2645 | 6.2106 | 0.3047 | 0.8193 | 0.2846 | 17.8078 | 29.0318 | 0.1800 | 0.2970 | 4.4314
75 | 2.7127 | 0.3270 | 0.8042 | 0.2464 | 1.3609 | 10.9205 | 0.1956 | 0.3047 | 4.2633 | 6.2658 | 0.3052 | 0.8197 | 0.2850 | 18.0637 | 29.3227 | 0.1797 | 0.2963 | 4.4188
76 | 2.7173 | 0.3267 | 0.8041 | 0.2469 | 1.3602 | 10.9657 | 0.1956 | 0.3046 | 4.2633 | 6.2343 | 0.3044 | 0.8195 | 0.2859 | 17.8102 | 29.2592 | 0.1798 | 0.2970 | 4.4217
77 | 2.7261 | 0.3265 | 0.8043 | 0.2481 | 1.3594 | 11.0456 | 0.1955 | 0.3041 | 4.2600 | 6.2211 | 0.3038 | 0.8197 | 0.2872 | 18.0017 | 28.9266 | 0.1796 | 0.2973 | 4.4249
78 | 2.7333 | 0.3263 | 0.8043 | 0.2488 | 1.3582 | 11.1140 | 0.1955 | 0.3034 | 4.2597 | 6.2643 | 0.3042 | 0.8193 | 0.2882 | 18.2691 | 29.0739 | 0.1801 | 0.2965 | 4.4360
79 | 2.7454 | 0.3261 | 0.8044 | 0.2499 | 1.3573 | 11.2263 | 0.1954 | 0.3025 | 4.2590 | 6.1980 | 0.3040 | 0.8195 | 0.2894 | 17.9471 | 28.7252 | 0.1798 | 0.2963 | 4.4266
80 | 2.7601 | 0.3259 | 0.8044 | 0.2509 | 1.3562 | 11.3656 | 0.1954 | 0.3012 | 4.2602 | 6.2189 | 0.3034 | 0.8195 | 0.2904 | 18.2434 | 28.6334 | 0.1799 | 0.2945 | 4.4295
81 | 2.7753 | 0.3257 | 0.8044 | 0.2519 | 1.3550 | 11.5105 | 0.1954 | 0.2997 | 4.2599 | 6.2420 | 0.3028 | 0.8194 | 0.2918 | 18.3277 | 28.7659 | 0.1800 | 0.2939 | 4.4387
82 | 2.7949 | 0.3254 | 0.8044 | 0.2525 | 1.3536 | 11.7043 | 0.1954 | 0.2979 | 4.2617 | 6.2280 | 0.3028 | 0.8194 | 0.2927 | 18.2325 | 28.7129 | 0.1800 | 0.2927 | 4.4388
83 | 2.8182 | 0.3252 | 0.8044 | 0.2532 | 1.3528 | 11.9321 | 0.1954 | 0.2961 | 4.2615 | 6.2477 | 0.3026 | 0.8192 | 0.2939 | 18.3455 | 28.7883 | 0.1802 | 0.2907 | 4.4405
84 | 2.8503 | 0.3248 | 0.8044 | 0.2541 | 1.3515 | 12.2490 | 0.1953 | 0.2943 | 4.2615 | 6.2841 | 0.3021 | 0.8193 | 0.2947 | 18.2959 | 29.1969 | 0.1801 | 0.2894 | 4.4406
85 | 2.8939 | 0.3246 | 0.8045 | 0.2545 | 1.3503 | 12.6849 | 0.1953 | 0.2924 | 4.2611 | 6.3288 | 0.3018 | 0.8192 | 0.2951 | 18.3630 | 29.5749 | 0.1802 | 0.2875 | 4.4441
86 | 2.9575 | 0.3243 | 0.8045 | 0.2546 | 1.3492 | 13.3232 | 0.1953 | 0.2904 | 4.2616 | 6.4120 | 0.3013 | 0.8191 | 0.2958 | 18.4059 | 30.3605 | 0.1802 | 0.2850 | 4.4463
87 | 3.0256 | 0.3241 | 0.8045 | 0.2547 | 1.3480 | 14.0060 | 0.1952 | 0.2880 | 4.2621 | 6.4557 | 0.3014 | 0.8191 | 0.2962 | 18.2787 | 30.9205 | 0.1803 | 0.2839 | 4.4468
88 | 3.1044 | 0.3239 | 0.8046 | 0.2545 | 1.3467 | 14.7980 | 0.1952 | 0.2856 | 4.2617 | 6.6280 | 0.3014 | 0.8191 | 0.2956 | 18.3608 | 32.5643 | 0.1803 | 0.2806 | 4.4494
89 | 3.2193 | 0.3238 | 0.8047 | 0.2538 | 1.3458 | 15.9563 | 0.1951 | 0.2831 | 4.2612 | 6.8321 | 0.3008 | 0.8190 | 0.2951 | 18.1832 | 34.7916 | 0.1804 | 0.2792 | 4.4538
90 | 3.3367 | 0.3235 | 0.8047 | 0.2533 | 1.3441 | 17.1382 | 0.1951 | 0.2807 | 4.2618 | 7.0489 | 0.3009 | 0.8192 | 0.2949 | 18.3214 | 36.8228 | 0.1802 | 0.2760 | 4.4505
91 | 3.4519 | 0.3236 | 0.8048 | 0.2526 | 1.3431 | 18.2969 | 0.1950 | 0.2782 | 4.2613 | 7.1999 | 0.3008 | 0.8191 | 0.2941 | 18.2215 | 38.4425 | 0.1803 | 0.2742 | 4.4516
92 | 3.5807 | 0.3235 | 0.8049 | 0.2518 | 1.3422 | 19.5942 | 0.1949 | 0.2756 | 4.2605 | 7.3758 | 0.3006 | 0.8194 | 0.2934 | 18.2404 | 40.1909 | 0.1800 | 0.2713 | 4.4483
93 | 3.6864 | 0.3235 | 0.8049 | 0.2510 | 1.3412 | 20.6610 | 0.1948 | 0.2733 | 4.2603 | 7.5051 | 0.3005 | 0.8194 | 0.2928 | 18.1110 | 41.6190 | 0.1800 | 0.2694 | 4.4507
94 | 3.7783 | 0.3235 | 0.8050 | 0.2504 | 1.3397 | 21.5860 | 0.1948 | 0.2709 | 4.2599 | 7.6111 | 0.3005 | 0.8194 | 0.2927 | 18.1368 | 42.6531 | 0.1799 | 0.2673 | 4.4506
95 | 3.8585 | 0.3234 | 0.8051 | 0.2499 | 1.3387 | 22.3948 | 0.1947 | 0.2688 | 4.2595 | 7.6937 | 0.3004 | 0.8195 | 0.2923 | 18.2173 | 43.4031 | 0.1799 | 0.2651 | 4.4498
96 | 3.9337 | 0.3235 | 0.8051 | 0.2490 | 1.3381 | 23.1559 | 0.1946 | 0.2670 | 4.2589 | 7.7394 | 0.3006 | 0.8195 | 0.2918 | 18.1406 | 43.9412 | 0.1799 | 0.2637 | 4.4492
97 | 4.0091 | 0.3236 | 0.8052 | 0.2484 | 1.3370 | 23.9155 | 0.1946 | 0.2657 | 4.2582 | 7.8353 | 0.3005 | 0.8196 | 0.2910 | 18.1991 | 44.8487 | 0.1798 | 0.2625 | 4.4486
98 | 4.0749 | 0.3235 | 0.8053 | 0.2479 | 1.3368 | 24.5795 | 0.1945 | 0.2648 | 4.2573 | 7.9168 | 0.3007 | 0.8197 | 0.2903 | 18.2094 | 45.6587 | 0.1797 | 0.2623 | 4.4475
99 | 4.1152 | 0.3238 | 0.8053 | 0.2471 | 1.3368 | 24.9870 | 0.1945 | 0.2642 | 4.2561 | 7.9568 | 0.3008 | 0.8198 | 0.2898 | 18.2538 | 46.0185 | 0.1796 | 0.2619 | 4.4468
100 | 4.1392 | 0.3238 | 0.8053 | 0.2469 | 1.3367 | 25.2295 | 0.1944 | 0.2640 | 4.2557 | 7.9742 | 0.3008 | 0.8198 | 0.2897 | 18.2553 | 46.1928 | 0.1796 | 0.2618 | 4.4461
epoch | loss | sim_loss | var_pred | var_target | cov_pred | cov_target | feat_std | feat_std_ctx | feat_norm | val_loss | val_sim_loss | val_var_pred | val_var_target | val_cov_pred | val_cov_target | val_feat_std | val_feat_std_ctx | val_feat_norm
1 | 26.9978 | 0.3887 | 0.3430 | 0.2257 | 1.3807 | 51.2686 | 0.6574 | 0.8227 | 17.9797 | 37.4092 | 0.1583 | 0.3778 | 0.1714 | 32.3144 | 41.6384 | 0.6226 | 0.9140 | 15.9567
2 | 5.6290 | 0.4224 | 0.0154 | 0.0611 | 1.2807 | 9.0559 | 0.9878 | 0.9767 | 21.3787 | 23.6370 | 0.1498 | 0.2450 | 0.1236 | 19.2675 | 27.3384 | 0.7568 | 0.9426 | 17.5286
3 | 3.8720 | 0.3475 | 0.0101 | 0.0491 | 1.2822 | 5.7076 | 0.9952 | 0.9471 | 21.4280 | 20.5851 | 0.1433 | 0.1801 | 0.1123 | 17.0875 | 23.5038 | 0.8274 | 0.8903 | 18.9040
4 | 3.2039 | 0.3075 | 0.0089 | 0.0475 | 1.2819 | 4.4543 | 0.9982 | 0.8700 | 21.5037 | 18.7488 | 0.1315 | 0.1476 | 0.1100 | 15.7254 | 21.2516 | 0.8676 | 0.8019 | 19.7291
5 | 2.8026 | 0.2780 | 0.0083 | 0.0471 | 1.2846 | 3.7092 | 1.0027 | 0.7664 | 21.5702 | 17.8257 | 0.1253 | 0.1280 | 0.1061 | 15.1328 | 20.0338 | 0.8971 | 0.6930 | 20.2977
6 | 2.5828 | 0.2586 | 0.0081 | 0.0485 | 1.2900 | 3.3017 | 1.0077 | 0.6475 | 21.6085 | 16.9716 | 0.1282 | 0.1186 | 0.1063 | 14.3021 | 19.1596 | 0.9181 | 0.5737 | 20.7576
7 | 2.4669 | 0.2461 | 0.0082 | 0.0554 | 1.2945 | 3.0836 | 1.0143 | 0.5275 | 21.7188 | 16.2936 | 0.1294 | 0.1178 | 0.1114 | 13.3284 | 18.7709 | 0.9277 | 0.4615 | 20.9820
8 | 2.3865 | 0.2359 | 0.0088 | 0.0670 | 1.2961 | 2.9292 | 1.0218 | 0.4218 | 21.8518 | 15.8162 | 0.1354 | 0.1254 | 0.1208 | 12.7008 | 18.4145 | 0.9247 | 0.3689 | 20.9667
9 | 2.3447 | 0.2247 | 0.0103 | 0.0848 | 1.2943 | 2.8504 | 1.0306 | 0.3402 | 22.0391 | 15.5117 | 0.1384 | 0.1461 | 0.1391 | 12.4238 | 18.0375 | 0.9164 | 0.3025 | 21.0200
10 | 2.3057 | 0.2128 | 0.0125 | 0.1101 | 1.2895 | 2.7736 | 1.0405 | 0.2857 | 22.2475 | 15.3643 | 0.1397 | 0.1737 | 0.1620 | 12.3434 | 17.7702 | 0.8927 | 0.2603 | 20.8362
11 | 2.2738 | 0.2004 | 0.0149 | 0.1399 | 1.2805 | 2.7116 | 1.0504 | 0.2514 | 22.4971 | 15.1797 | 0.1318 | 0.1977 | 0.1894 | 12.2481 | 17.4605 | 0.8742 | 0.2348 | 20.8448
12 | 2.2477 | 0.1933 | 0.0170 | 0.1692 | 1.2705 | 2.6522 | 1.0580 | 0.2330 | 22.6744 | 15.0525 | 0.1292 | 0.2167 | 0.2139 | 12.2099 | 17.2061 | 0.8568 | 0.2230 | 20.6827
13 | 2.2533 | 0.1888 | 0.0192 | 0.1935 | 1.2640 | 2.6524 | 1.0638 | 0.2248 | 22.8197 | 15.3774 | 0.1254 | 0.2280 | 0.2341 | 12.7170 | 17.3248 | 0.8581 | 0.2186 | 21.0329
14 | 2.2534 | 0.1847 | 0.0205 | 0.2120 | 1.2585 | 2.6464 | 1.0714 | 0.2236 | 22.9371 | 15.0268 | 0.1259 | 0.2387 | 0.2499 | 12.3530 | 16.9602 | 0.8539 | 0.2191 | 21.0639
15 | 2.2370 | 0.1831 | 0.0218 | 0.2264 | 1.2527 | 2.6068 | 1.0780 | 0.2255 | 23.0315 | 14.9676 | 0.1272 | 0.2510 | 0.2623 | 12.2859 | 16.8815 | 0.8455 | 0.2213 | 21.0683
16 | 2.2330 | 0.1832 | 0.0229 | 0.2364 | 1.2458 | 2.5946 | 1.0838 | 0.2275 | 23.1466 | 14.8989 | 0.1314 | 0.2553 | 0.2706 | 12.3845 | 16.6246 | 0.8514 | 0.2226 | 21.3698
17 | 2.2143 | 0.1834 | 0.0235 | 0.2430 | 1.2396 | 2.5556 | 1.0904 | 0.2301 | 23.2578 | 14.8578 | 0.1364 | 0.2658 | 0.2782 | 12.4962 | 16.4028 | 0.8487 | 0.2254 | 21.5347
18 | 2.2076 | 0.1835 | 0.0238 | 0.2492 | 1.2327 | 2.5425 | 1.0968 | 0.2341 | 23.3355 | 14.7921 | 0.1321 | 0.2697 | 0.2850 | 12.3455 | 16.4198 | 0.8534 | 0.2289 | 21.6783
19 | 2.2037 | 0.1837 | 0.0243 | 0.2555 | 1.2266 | 2.5337 | 1.1027 | 0.2367 | 23.4432 | 14.8571 | 0.1337 | 0.2785 | 0.2899 | 12.4919 | 16.3866 | 0.8495 | 0.2304 | 21.7190
20 | 2.1899 | 0.1840 | 0.0248 | 0.2611 | 1.2203 | 2.5057 | 1.1079 | 0.2396 | 23.5215 | 14.7769 | 0.1338 | 0.2816 | 0.2941 | 12.4501 | 16.2605 | 0.8508 | 0.2342 | 21.7424
21 | 2.2006 | 0.1850 | 0.0253 | 0.2650 | 1.2157 | 2.5253 | 1.1124 | 0.2426 | 23.5784 | 14.9991 | 0.1328 | 0.2840 | 0.2976 | 12.7796 | 16.3713 | 0.8563 | 0.2366 | 21.9979
22 | 2.2080 | 0.1857 | 0.0254 | 0.2683 | 1.2123 | 2.5387 | 1.1167 | 0.2451 | 23.6365 | 14.9106 | 0.1318 | 0.2908 | 0.3018 | 12.6364 | 16.3287 | 0.8478 | 0.2383 | 21.8807
23 | 2.2226 | 0.1852 | 0.0258 | 0.2728 | 1.2085 | 2.5678 | 1.1207 | 0.2462 | 23.7207 | 15.0337 | 0.1309 | 0.2930 | 0.3040 | 12.9571 | 16.2514 | 0.8543 | 0.2390 | 22.0820
24 | 2.2249 | 0.1855 | 0.0259 | 0.2740 | 1.2047 | 2.5742 | 1.1246 | 0.2480 | 23.7494 | 15.0099 | 0.1338 | 0.2977 | 0.3057 | 12.8356 | 16.3133 | 0.8485 | 0.2400 | 21.9718
25 | 2.2461 | 0.1866 | 0.0260 | 0.2762 | 1.2017 | 2.6150 | 1.1282 | 0.2494 | 23.8101 | 15.0462 | 0.1343 | 0.3045 | 0.3073 | 12.7573 | 16.4547 | 0.8470 | 0.2418 | 21.9748
26 | 2.2630 | 0.1863 | 0.0261 | 0.2802 | 1.1982 | 2.6490 | 1.1332 | 0.2510 | 23.9056 | 14.9233 | 0.1375 | 0.3064 | 0.3128 | 12.7284 | 16.2240 | 0.8508 | 0.2428 | 22.1825
27 | 2.2922 | 0.1864 | 0.0262 | 0.2836 | 1.1948 | 2.7070 | 1.1367 | 0.2522 | 23.9840 | 14.9845 | 0.1348 | 0.3088 | 0.3129 | 12.7011 | 16.3767 | 0.8522 | 0.2447 | 22.2203
28 | 2.3145 | 0.1872 | 0.0265 | 0.2851 | 1.1926 | 2.7503 | 1.1390 | 0.2529 | 24.0416 | 14.9809 | 0.1354 | 0.3100 | 0.3148 | 12.7833 | 16.2828 | 0.8551 | 0.2447 | 22.3379
29 | 2.3377 | 0.1870 | 0.0263 | 0.2855 | 1.1899 | 2.7996 | 1.1420 | 0.2548 | 24.1026 | 14.9704 | 0.1367 | 0.3127 | 0.3169 | 12.7073 | 16.3306 | 0.8582 | 0.2475 | 22.4595
30 | 2.3553 | 0.1878 | 0.0264 | 0.2875 | 1.1864 | 2.8349 | 1.1458 | 0.2567 | 24.1662 | 15.1183 | 0.1416 | 0.3232 | 0.3183 | 12.8974 | 16.4145 | 0.8493 | 0.2481 | 22.4321
31 | 2.3857 | 0.1886 | 0.0266 | 0.2898 | 1.1833 | 2.8945 | 1.1500 | 0.2584 | 24.2537 | 15.1494 | 0.1402 | 0.3231 | 0.3194 | 12.9184 | 16.4574 | 0.8582 | 0.2498 | 22.6890
32 | 2.4040 | 0.1886 | 0.0266 | 0.2890 | 1.1814 | 2.9337 | 1.1530 | 0.2596 | 24.3340 | 14.9643 | 0.1401 | 0.3202 | 0.3170 | 12.7585 | 16.2526 | 0.8666 | 0.2521 | 22.8307
33 | 2.4052 | 0.1894 | 0.0264 | 0.2862 | 1.1800 | 2.9390 | 1.1540 | 0.2608 | 24.3324 | 14.9468 | 0.1411 | 0.3212 | 0.3135 | 12.7143 | 16.2624 | 0.8616 | 0.2533 | 22.6331
34 | 2.4079 | 0.1902 | 0.0262 | 0.2837 | 1.1787 | 2.9467 | 1.1550 | 0.2622 | 24.3551 | 14.6557 | 0.1455 | 0.3219 | 0.3101 | 12.4841 | 15.9044 | 0.8633 | 0.2543 | 22.7230
35 | 2.4070 | 0.1919 | 0.0261 | 0.2803 | 1.1777 | 2.9462 | 1.1558 | 0.2633 | 24.3514 | 14.6124 | 0.1445 | 0.3208 | 0.3065 | 12.5586 | 15.7499 | 0.8638 | 0.2557 | 22.6670
36 | 2.4051 | 0.1929 | 0.0261 | 0.2770 | 1.1764 | 2.9448 | 1.1565 | 0.2649 | 24.3727 | 14.4941 | 0.1453 | 0.3203 | 0.3053 | 12.4927 | 15.5792 | 0.8662 | 0.2572 | 22.8069
37 | 2.4291 | 0.1939 | 0.0259 | 0.2738 | 1.1750 | 2.9958 | 1.1573 | 0.2664 | 24.4117 | 14.5650 | 0.1470 | 0.3207 | 0.3012 | 12.6147 | 15.5994 | 0.8677 | 0.2586 | 22.8584
38 | 2.4315 | 0.1952 | 0.0254 | 0.2686 | 1.1749 | 3.0037 | 1.1572 | 0.2684 | 24.3791 | 14.5442 | 0.1463 | 0.3192 | 0.2961 | 12.5284 | 15.6522 | 0.8669 | 0.2599 | 22.7287
39 | 2.4280 | 0.1960 | 0.0253 | 0.2640 | 1.1747 | 3.0000 | 1.1574 | 0.2704 | 24.3612 | 14.3289 | 0.1546 | 0.3069 | 0.2891 | 12.1935 | 15.5591 | 0.8833 | 0.2632 | 22.9203
40 | 2.4228 | 0.1986 | 0.0250 | 0.2568 | 1.1746 | 2.9921 | 1.1551 | 0.2729 | 24.3015 | 14.3127 | 0.1539 | 0.3075 | 0.2819 | 12.3281 | 15.4000 | 0.8791 | 0.2660 | 22.8548
41 | 2.4113 | 0.2001 | 0.0250 | 0.2503 | 1.1747 | 2.9724 | 1.1540 | 0.2760 | 24.2696 | 14.3427 | 0.1521 | 0.3053 | 0.2769 | 12.2699 | 15.5290 | 0.8805 | 0.2692 | 22.8071
42 | 2.3864 | 0.2015 | 0.0247 | 0.2443 | 1.1754 | 2.9252 | 1.1517 | 0.2793 | 24.2140 | 14.0202 | 0.1543 | 0.3032 | 0.2698 | 12.0124 | 15.1465 | 0.8784 | 0.2717 | 22.6646
43 | 2.3781 | 0.2019 | 0.0245 | 0.2393 | 1.1759 | 2.9125 | 1.1488 | 0.2812 | 24.1587 | 13.9284 | 0.1552 | 0.2935 | 0.2642 | 12.0279 | 14.9607 | 0.8904 | 0.2747 | 22.8943
44 | 2.3508 | 0.2019 | 0.0244 | 0.2359 | 1.1771 | 2.8603 | 1.1462 | 0.2836 | 24.0688 | 13.7795 | 0.1513 | 0.2931 | 0.2628 | 11.6994 | 15.0012 | 0.8837 | 0.2760 | 22.6455
45 | 2.3357 | 0.2011 | 0.0245 | 0.2358 | 1.1792 | 2.8295 | 1.1431 | 0.2847 | 24.0007 | 13.5155 | 0.1573 | 0.2872 | 0.2629 | 11.6568 | 14.5095 | 0.8922 | 0.2758 | 22.7998
46 | 2.2956 | 0.2005 | 0.0244 | 0.2365 | 1.1798 | 2.7495 | 1.1410 | 0.2846 | 23.9515 | 13.2859 | 0.1528 | 0.2885 | 0.2638 | 11.4201 | 14.2939 | 0.8920 | 0.2771 | 22.7761
47 | 2.2963 | 0.1997 | 0.0245 | 0.2359 | 1.1807 | 2.7519 | 1.1409 | 0.2850 | 23.9534 | 13.1554 | 0.1569 | 0.2843 | 0.2642 | 11.3465 | 14.1021 | 0.8980 | 0.2765 | 22.8495
48 | 2.2985 | 0.1986 | 0.0246 | 0.2368 | 1.1808 | 2.7576 | 1.1416 | 0.2849 | 23.9569 | 13.1526 | 0.1542 | 0.2884 | 0.2642 | 11.3619 | 14.0824 | 0.8917 | 0.2769 | 22.8118
49 | 2.2857 | 0.1983 | 0.0248 | 0.2368 | 1.1809 | 2.7324 | 1.1409 | 0.2855 | 23.9566 | 12.9301 | 0.1542 | 0.2836 | 0.2641 | 11.0928 | 13.9114 | 0.8979 | 0.2773 | 22.8506
50 | 2.3059 | 0.1988 | 0.0249 | 0.2363 | 1.1816 | 2.7713 | 1.1402 | 0.2868 | 23.9368 | 12.8957 | 0.1561 | 0.2793 | 0.2647 | 11.1606 | 13.7746 | 0.9035 | 0.2792 | 22.9751
51 | 2.3164 | 0.1984 | 0.0251 | 0.2368 | 1.1819 | 2.7922 | 1.1386 | 0.2878 | 23.9223 | 12.6764 | 0.1570 | 0.2829 | 0.2652 | 10.9365 | 13.5544 | 0.8993 | 0.2801 | 22.8882
52 | 2.3405 | 0.1983 | 0.0254 | 0.2379 | 1.1813 | 2.8399 | 1.1391 | 0.2894 | 23.9227 | 12.7286 | 0.1566 | 0.2815 | 0.2659 | 10.8825 | 13.7142 | 0.9035 | 0.2819 | 22.9712
53 | 2.3433 | 0.1980 | 0.0255 | 0.2389 | 1.1812 | 2.8451 | 1.1388 | 0.2907 | 23.9231 | 12.7823 | 0.1543 | 0.2813 | 0.2681 | 10.9970 | 13.7095 | 0.9060 | 0.2832 | 23.0330
54 | 2.3717 | 0.1972 | 0.0256 | 0.2409 | 1.1806 | 2.9019 | 1.1388 | 0.2918 | 23.9393 | 12.8981 | 0.1550 | 0.2822 | 0.2686 | 11.2073 | 13.7282 | 0.9062 | 0.2840 | 23.1130
55 | 2.3607 | 0.1961 | 0.0258 | 0.2423 | 1.1802 | 2.8808 | 1.1395 | 0.2924 | 23.9451 | 12.7931 | 0.1549 | 0.2843 | 0.2693 | 11.0385 | 13.6844 | 0.9034 | 0.2843 | 23.0459
56 | 2.3802 | 0.1958 | 0.0259 | 0.2435 | 1.1783 | 2.9211 | 1.1401 | 0.2926 | 23.9545 | 12.8776 | 0.1526 | 0.2854 | 0.2715 | 11.1144 | 13.7785 | 0.9054 | 0.2839 | 23.1003
57 | 2.4096 | 0.1958 | 0.0259 | 0.2437 | 1.1776 | 2.9804 | 1.1413 | 0.2925 | 23.9821 | 13.0256 | 0.1530 | 0.2830 | 0.2716 | 11.1706 | 14.0199 | 0.9094 | 0.2850 | 23.1832
58 | 2.4363 | 0.1952 | 0.0260 | 0.2431 | 1.1776 | 3.0353 | 1.1405 | 0.2927 | 23.9826 | 13.0799 | 0.1538 | 0.2831 | 0.2713 | 11.2759 | 14.0219 | 0.9080 | 0.2843 | 23.1974
59 | 2.4325 | 0.1948 | 0.0262 | 0.2438 | 1.1776 | 3.0276 | 1.1389 | 0.2925 | 23.9926 | 12.8491 | 0.1545 | 0.2825 | 0.2726 | 10.9698 | 13.8643 | 0.9082 | 0.2840 | 23.2615
60 | 2.4686 | 0.1955 | 0.0263 | 0.2444 | 1.1776 | 3.0980 | 1.1371 | 0.2922 | 23.9900 | 12.9104 | 0.1537 | 0.2849 | 0.2734 | 11.1455 | 13.8095 | 0.9033 | 0.2837 | 23.1856
61 | 2.4871 | 0.1951 | 0.0264 | 0.2462 | 1.1760 | 3.1355 | 1.1367 | 0.2922 | 24.0234 | 12.8324 | 0.1530 | 0.2844 | 0.2751 | 11.0069 | 13.7922 | 0.9067 | 0.2850 | 23.2933
62 | 2.4961 | 0.1940 | 0.0267 | 0.2486 | 1.1744 | 3.1546 | 1.1365 | 0.2925 | 24.0673 | 12.9412 | 0.1554 | 0.2849 | 0.2768 | 11.0477 | 13.9623 | 0.9084 | 0.2851 | 23.3608
63 | 2.5076 | 0.1928 | 0.0271 | 0.2507 | 1.1730 | 3.1788 | 1.1355 | 0.2924 | 24.1136 | 12.8051 | 0.1505 | 0.2881 | 0.2795 | 10.9524 | 13.7891 | 0.9039 | 0.2848 | 23.4076
64 | 2.5136 | 0.1920 | 0.0272 | 0.2523 | 1.1718 | 3.1919 | 1.1348 | 0.2925 | 24.1579 | 12.7210 | 0.1524 | 0.2885 | 0.2808 | 10.8861 | 13.6819 | 0.9037 | 0.2844 | 23.4925
65 | 2.5092 | 0.1909 | 0.0275 | 0.2541 | 1.1708 | 3.1842 | 1.1332 | 0.2926 | 24.1959 | 12.6855 | 0.1516 | 0.2902 | 0.2841 | 10.9522 | 13.5413 | 0.9022 | 0.2848 | 23.5629
66 | 2.5553 | 0.1897 | 0.0275 | 0.2563 | 1.1698 | 3.2775 | 1.1332 | 0.2924 | 24.2575 | 12.5935 | 0.1514 | 0.2908 | 0.2861 | 10.7509 | 13.5563 | 0.9020 | 0.2846 | 23.5370
67 | 2.5713 | 0.1892 | 0.0276 | 0.2574 | 1.1686 | 3.3106 | 1.1330 | 0.2920 | 24.3006 | 12.6823 | 0.1562 | 0.2918 | 0.2866 | 10.7780 | 13.6957 | 0.9018 | 0.2840 | 23.6407
68 | 2.5987 | 0.1883 | 0.0278 | 0.2582 | 1.1679 | 3.3668 | 1.1319 | 0.2915 | 24.3228 | 12.7189 | 0.1532 | 0.2914 | 0.2888 | 10.8068 | 13.7446 | 0.9019 | 0.2829 | 23.6562
69 | 2.6272 | 0.1874 | 0.0278 | 0.2591 | 1.1669 | 3.4260 | 1.1311 | 0.2907 | 24.3535 | 12.7683 | 0.1478 | 0.2907 | 0.2899 | 10.8515 | 13.8090 | 0.9024 | 0.2825 | 23.7651
70 | 2.6595 | 0.1861 | 0.0279 | 0.2606 | 1.1662 | 3.4922 | 1.1309 | 0.2896 | 24.3951 | 12.7407 | 0.1463 | 0.2955 | 0.2926 | 10.8704 | 13.7304 | 0.8959 | 0.2812 | 23.7962
71 | 2.6682 | 0.1850 | 0.0281 | 0.2633 | 1.1655 | 3.5095 | 1.1299 | 0.2886 | 24.4411 | 12.6350 | 0.1478 | 0.2949 | 0.2945 | 10.7063 | 13.6787 | 0.8989 | 0.2804 | 23.8247
72 | 2.7030 | 0.1846 | 0.0282 | 0.2644 | 1.1646 | 3.5795 | 1.1282 | 0.2875 | 24.4575 | 12.7108 | 0.1472 | 0.2956 | 0.2949 | 10.8071 | 13.7297 | 0.8954 | 0.2790 | 23.8349
73 | 2.6967 | 0.1838 | 0.0283 | 0.2656 | 1.1638 | 3.5681 | 1.1276 | 0.2863 | 24.4802 | 12.5246 | 0.1453 | 0.2974 | 0.2966 | 10.5658 | 13.5990 | 0.8942 | 0.2778 | 23.9134
74 | 2.7138 | 0.1833 | 0.0285 | 0.2675 | 1.1623 | 3.6027 | 1.1262 | 0.2852 | 24.5049 | 12.6017 | 0.1458 | 0.2976 | 0.2986 | 10.6500 | 13.6657 | 0.8959 | 0.2767 | 23.9918
75 | 2.7330 | 0.1824 | 0.0285 | 0.2693 | 1.1615 | 3.6419 | 1.1261 | 0.2847 | 24.5545 | 12.7595 | 0.1445 | 0.3004 | 0.2999 | 10.8111 | 13.8187 | 0.8929 | 0.2769 | 23.9835
76 | 2.7606 | 0.1819 | 0.0287 | 0.2705 | 1.1605 | 3.6976 | 1.1246 | 0.2840 | 24.5673 | 12.7187 | 0.1426 | 0.3004 | 0.3011 | 10.8743 | 13.6764 | 0.8919 | 0.2762 | 24.0299
77 | 2.7800 | 0.1807 | 0.0288 | 0.2722 | 1.1592 | 3.7384 | 1.1231 | 0.2834 | 24.6041 | 12.5413 | 0.1423 | 0.3027 | 0.3029 | 10.5603 | 13.6321 | 0.8872 | 0.2756 | 24.0099
78 | 2.8047 | 0.1796 | 0.0291 | 0.2735 | 1.1586 | 3.7889 | 1.1221 | 0.2829 | 24.6393 | 12.6546 | 0.1411 | 0.3042 | 0.3040 | 10.7710 | 13.6478 | 0.8848 | 0.2746 | 24.0365
79 | 2.8158 | 0.1785 | 0.0292 | 0.2741 | 1.1572 | 3.8141 | 1.1212 | 0.2820 | 24.6682 | 12.5488 | 0.1398 | 0.3046 | 0.3042 | 10.5916 | 13.6177 | 0.8850 | 0.2734 | 24.0623
80 | 2.8030 | 0.1772 | 0.0294 | 0.2752 | 1.1560 | 3.7909 | 1.1203 | 0.2812 | 24.6997 | 12.6838 | 0.1400 | 0.3043 | 0.3063 | 10.8822 | 13.5950 | 0.8849 | 0.2728 | 24.1172
81 | 2.8312 | 0.1762 | 0.0296 | 0.2768 | 1.1548 | 3.8489 | 1.1193 | 0.2805 | 24.7358 | 12.5946 | 0.1388 | 0.3054 | 0.3075 | 10.6891 | 13.6097 | 0.8859 | 0.2727 | 24.2423
82 | 2.8540 | 0.1752 | 0.0295 | 0.2777 | 1.1538 | 3.8967 | 1.1193 | 0.2798 | 24.7736 | 12.6238 | 0.1360 | 0.3062 | 0.3087 | 10.7355 | 13.6251 | 0.8836 | 0.2713 | 24.2197
83 | 2.8840 | 0.1737 | 0.0297 | 0.2789 | 1.1527 | 3.9592 | 1.1185 | 0.2791 | 24.8059 | 12.6743 | 0.1365 | 0.3062 | 0.3099 | 10.6911 | 13.7685 | 0.8850 | 0.2713 | 24.2884
84 | 2.9094 | 0.1730 | 0.0298 | 0.2799 | 1.1519 | 4.0113 | 1.1181 | 0.2782 | 24.8372 | 12.6589 | 0.1339 | 0.3064 | 0.3107 | 10.5976 | 13.8353 | 0.8840 | 0.2706 | 24.2825
85 | 2.9313 | 0.1720 | 0.0299 | 0.2816 | 1.1512 | 4.0557 | 1.1178 | 0.2774 | 24.8874 | 12.7586 | 0.1345 | 0.3082 | 0.3122 | 10.7416 | 13.8862 | 0.8798 | 0.2687 | 24.2784
86 | 2.9571 | 0.1711 | 0.0300 | 0.2829 | 1.1502 | 4.1091 | 1.1168 | 0.2765 | 24.9093 | 12.7999 | 0.1337 | 0.3087 | 0.3140 | 10.7335 | 13.9762 | 0.8821 | 0.2689 | 24.4047
87 | 2.9972 | 0.1699 | 0.0303 | 0.2849 | 1.1495 | 4.1900 | 1.1168 | 0.2756 | 24.9589 | 12.9044 | 0.1320 | 0.3093 | 0.3158 | 10.7882 | 14.1313 | 0.8822 | 0.2680 | 24.4412
88 | 3.0230 | 0.1688 | 0.0303 | 0.2864 | 1.1487 | 4.2430 | 1.1164 | 0.2746 | 24.9976 | 12.9023 | 0.1312 | 0.3104 | 0.3173 | 10.6872 | 14.2273 | 0.8806 | 0.2673 | 24.4663
89 | 3.0536 | 0.1678 | 0.0304 | 0.2888 | 1.1476 | 4.3047 | 1.1164 | 0.2736 | 25.0437 | 13.0171 | 0.1294 | 0.3111 | 0.3203 | 10.7921 | 14.3519 | 0.8803 | 0.2661 | 24.5088
90 | 3.0951 | 0.1667 | 0.0306 | 0.2917 | 1.1469 | 4.3877 | 1.1166 | 0.2725 | 25.0965 | 13.0962 | 0.1297 | 0.3120 | 0.3223 | 10.8515 | 14.4470 | 0.8812 | 0.2650 | 24.5641
91 | 3.1306 | 0.1658 | 0.0308 | 0.2934 | 1.1464 | 4.4589 | 1.1167 | 0.2714 | 25.1437 | 13.2044 | 0.1279 | 0.3144 | 0.3243 | 10.8854 | 14.6290 | 0.8771 | 0.2640 | 24.5925
92 | 3.1869 | 0.1649 | 0.0307 | 0.2961 | 1.1452 | 4.5720 | 1.1167 | 0.2704 | 25.1973 | 13.3107 | 0.1278 | 0.3162 | 0.3270 | 10.9154 | 14.8071 | 0.8765 | 0.2633 | 24.6729
93 | 3.2401 | 0.1642 | 0.0310 | 0.2984 | 1.1446 | 4.6777 | 1.1165 | 0.2694 | 25.2401 | 13.4110 | 0.1274 | 0.3171 | 0.3295 | 10.9550 | 14.9658 | 0.8765 | 0.2621 | 24.7246
94 | 3.3002 | 0.1633 | 0.0314 | 0.3016 | 1.1442 | 4.7964 | 1.1162 | 0.2685 | 25.2924 | 13.5103 | 0.1272 | 0.3195 | 0.3328 | 10.9766 | 15.1371 | 0.8746 | 0.2615 | 24.7434
95 | 3.3677 | 0.1629 | 0.0315 | 0.3042 | 1.1431 | 4.9306 | 1.1161 | 0.2677 | 25.3422 | 13.6505 | 0.1268 | 0.3209 | 0.3356 | 10.9932 | 15.3977 | 0.8738 | 0.2607 | 24.8021
96 | 3.4392 | 0.1631 | 0.0320 | 0.3069 | 1.1430 | 5.0702 | 1.1151 | 0.2669 | 25.3876 | 13.8592 | 0.1270 | 0.3237 | 0.3389 | 11.0776 | 15.7241 | 0.8700 | 0.2600 | 24.8368
97 | 3.5092 | 0.1649 | 0.0327 | 0.3090 | 1.1439 | 5.2031 | 1.1131 | 0.2662 | 25.3975 | 13.9969 | 0.1292 | 0.3257 | 0.3408 | 11.0836 | 15.9851 | 0.8664 | 0.2593 | 24.8129
98 | 3.5639 | 0.1660 | 0.0332 | 0.3107 | 1.1442 | 5.3076 | 1.1113 | 0.2657 | 25.4051 | 13.9966 | 0.1304 | 0.3264 | 0.3417 | 11.0714 | 15.9929 | 0.8653 | 0.2590 | 24.8267
99 | 3.6120 | 0.1664 | 0.0335 | 0.3119 | 1.1442 | 5.4015 | 1.1104 | 0.2655 | 25.4155 | 14.0204 | 0.1307 | 0.3269 | 0.3429 | 11.1067 | 16.0028 | 0.8647 | 0.2589 | 24.8529
100 | 3.6337 | 0.1668 | 0.0338 | 0.3127 | 1.1442 | 5.4431 | 1.1097 | 0.2654 | 25.4152 | 14.0051 | 0.1312 | 0.3272 | 0.3435 | 11.0786 | 15.9986 | 0.8647 | 0.2589 | 24.8645
epoch | loss | sim_loss | var_pred | var_target | cov_pred | cov_target | feat_std | feat_std_ctx | feat_norm | val_loss | val_sim_loss | val_var_pred | val_var_target | val_cov_pred | val_cov_target | val_feat_std | val_feat_std_ctx | val_feat_norm
1 | 26.2296 | 0.4700 | 0.1504 | 0.1998 | 1.3876 | 49.4314 | 0.8550 | 0.8546 | 20.6895 | 38.3093 | 0.1744 | 0.3781 | 0.1689 | 32.6602 | 42.5153 | 0.6224 | 0.9150 | 15.5430
2 | 5.4352 | 0.4360 | 0.0047 | 0.0539 | 1.2809 | 8.6004 | 1.0060 | 0.9806 | 21.6070 | 22.8162 | 0.1621 | 0.2241 | 0.1194 | 17.9415 | 26.6797 | 0.7783 | 0.9415 | 17.7793
3 | 3.8406 | 0.3514 | 0.0037 | 0.0454 | 1.2826 | 5.5977 | 1.0092 | 0.9480 | 21.6132 | 19.2520 | 0.1464 | 0.1519 | 0.1075 | 15.5340 | 22.1583 | 0.8565 | 0.8912 | 19.3185
4 | 3.1777 | 0.3066 | 0.0033 | 0.0437 | 1.2819 | 4.3665 | 1.0110 | 0.8713 | 21.6812 | 17.7306 | 0.1411 | 0.1172 | 0.1021 | 14.2687 | 20.4716 | 0.8988 | 0.8061 | 20.1374
5 | 2.8667 | 0.2791 | 0.0032 | 0.0449 | 1.2843 | 3.7947 | 1.0143 | 0.7707 | 21.7183 | 16.8881 | 0.1360 | 0.1058 | 0.1024 | 13.5009 | 19.5868 | 0.9242 | 0.6996 | 20.6748
6 | 2.6737 | 0.2616 | 0.0033 | 0.0472 | 1.2886 | 3.4346 | 1.0216 | 0.6562 | 21.8494 | 16.1511 | 0.1351 | 0.0990 | 0.1049 | 12.9419 | 18.6823 | 0.9420 | 0.5850 | 21.1874
7 | 2.5016 | 0.2461 | 0.0035 | 0.0529 | 1.2953 | 3.1030 | 1.0294 | 0.5396 | 22.0349 | 15.5414 | 0.1435 | 0.0980 | 0.1098 | 12.0406 | 18.3396 | 0.9577 | 0.4735 | 21.6775
8 | 2.3654 | 0.2293 | 0.0037 | 0.0618 | 1.2997 | 2.8414 | 1.0412 | 0.4327 | 22.3141 | 15.2313 | 0.1415 | 0.1049 | 0.1168 | 11.8930 | 17.8432 | 0.9643 | 0.3779 | 22.0342
9 | 2.2942 | 0.2172 | 0.0041 | 0.0729 | 1.3020 | 2.6978 | 1.0528 | 0.3468 | 22.5951 | 14.8740 | 0.1416 | 0.1147 | 0.1256 | 11.5018 | 17.4824 | 0.9570 | 0.3064 | 21.9642
10 | 2.2578 | 0.2062 | 0.0048 | 0.0870 | 1.3001 | 2.6197 | 1.0642 | 0.2869 | 22.8068 | 14.7574 | 0.1408 | 0.1308 | 0.1368 | 11.4609 | 17.2371 | 0.9454 | 0.2592 | 21.8454
11 | 2.2605 | 0.1986 | 0.0057 | 0.1068 | 1.2937 | 2.6050 | 1.0767 | 0.2482 | 23.0633 | 14.2958 | 0.1443 | 0.1438 | 0.1570 | 10.9399 | 16.7616 | 0.9455 | 0.2306 | 22.0864
12 | 2.2677 | 0.1948 | 0.0067 | 0.1302 | 1.2862 | 2.5858 | 1.0876 | 0.2267 | 23.3350 | 14.2950 | 0.1434 | 0.1553 | 0.1772 | 11.0928 | 16.5455 | 0.9419 | 0.2157 | 22.3060
13 | 2.2611 | 0.1918 | 0.0074 | 0.1510 | 1.2808 | 2.5409 | 1.0975 | 0.2175 | 23.5492 | 14.3590 | 0.1387 | 0.1666 | 0.1956 | 11.2398 | 16.4763 | 0.9362 | 0.2105 | 22.3359
14 | 2.2579 | 0.1904 | 0.0083 | 0.1690 | 1.2719 | 2.5085 | 1.1096 | 0.2152 | 23.7820 | 14.2336 | 0.1405 | 0.1765 | 0.2122 | 11.2457 | 16.1632 | 0.9436 | 0.2101 | 22.7212
15 | 2.2451 | 0.1907 | 0.0089 | 0.1837 | 1.2614 | 2.4620 | 1.1229 | 0.2164 | 24.0063 | 14.0845 | 0.1436 | 0.1868 | 0.2264 | 11.0401 | 16.0152 | 0.9421 | 0.2113 | 22.8488
16 | 2.2397 | 0.1906 | 0.0096 | 0.1978 | 1.2526 | 2.4308 | 1.1343 | 0.2185 | 24.2157 | 14.0073 | 0.1438 | 0.1950 | 0.2397 | 10.9343 | 15.9231 | 0.9464 | 0.2131 | 23.1720
17 | 2.2332 | 0.1903 | 0.0101 | 0.2110 | 1.2460 | 2.3976 | 1.1449 | 0.2211 | 24.4135 | 14.1791 | 0.1417 | 0.1997 | 0.2510 | 11.1929 | 15.9805 | 0.9519 | 0.2160 | 23.3265
18 | 2.2323 | 0.1904 | 0.0106 | 0.2211 | 1.2398 | 2.3805 | 1.1546 | 0.2242 | 24.5710 | 14.1208 | 0.1465 | 0.2088 | 0.2588 | 11.0430 | 15.9706 | 0.9553 | 0.2192 | 23.4906
19 | 2.2300 | 0.1914 | 0.0111 | 0.2289 | 1.2318 | 2.3655 | 1.1660 | 0.2281 | 24.7414 | 14.1980 | 0.1439 | 0.2206 | 0.2667 | 11.1753 | 15.9583 | 0.9504 | 0.2228 | 23.5474
20 | 2.2266 | 0.1922 | 0.0114 | 0.2352 | 1.2232 | 2.3526 | 1.1758 | 0.2325 | 24.8939 | 14.3246 | 0.1446 | 0.2288 | 0.2726 | 11.4217 | 15.9356 | 0.9574 | 0.2273 | 23.8826
21 | 2.2321 | 0.1923 | 0.0116 | 0.2418 | 1.2148 | 2.3579 | 1.1879 | 0.2375 | 25.0930 | 14.2562 | 0.1481 | 0.2399 | 0.2772 | 11.4516 | 15.7305 | 0.9537 | 0.2321 | 23.8906
22 | 2.2503 | 0.1946 | 0.0118 | 0.2470 | 1.2089 | 2.3848 | 1.1978 | 0.2422 | 25.2237 | 14.3497 | 0.1494 | 0.2472 | 0.2820 | 11.6048 | 15.7374 | 0.9600 | 0.2369 | 24.2143
23 | 2.2686 | 0.1953 | 0.0119 | 0.2510 | 1.2028 | 2.4178 | 1.2072 | 0.2474 | 25.3706 | 14.3796 | 0.1521 | 0.2526 | 0.2845 | 11.5440 | 15.8368 | 0.9683 | 0.2418 | 24.5976
24 | 2.2890 | 0.1965 | 0.0122 | 0.2536 | 1.1966 | 2.4570 | 1.2188 | 0.2524 | 25.5307 | 14.4263 | 0.1576 | 0.2582 | 0.2845 | 11.6272 | 15.8247 | 0.9714 | 0.2466 | 24.7008
25 | 2.3094 | 0.1988 | 0.0122 | 0.2541 | 1.1912 | 2.4974 | 1.2279 | 0.2578 | 25.6570 | 14.4912 | 0.1582 | 0.2640 | 0.2843 | 11.6922 | 15.8770 | 0.9750 | 0.2514 | 24.8798
26 | 2.3191 | 0.1996 | 0.0121 | 0.2536 | 1.1866 | 2.5209 | 1.2347 | 0.2615 | 25.7678 | 14.5459 | 0.1572 | 0.2647 | 0.2818 | 11.7204 | 15.9642 | 0.9822 | 0.2551 | 25.0914
27 | 2.3274 | 0.2005 | 0.0121 | 0.2512 | 1.1839 | 2.5434 | 1.2397 | 0.2655 | 25.8243 | 14.5883 | 0.1573 | 0.2694 | 0.2796 | 11.9026 | 15.8614 | 0.9813 | 0.2590 | 25.1417
28 | 2.3390 | 0.2013 | 0.0121 | 0.2478 | 1.1822 | 2.5733 | 1.2432 | 0.2689 | 25.8679 | 14.5760 | 0.1636 | 0.2690 | 0.2747 | 11.8948 | 15.8427 | 0.9856 | 0.2622 | 25.2903
29 | 2.3218 | 0.2032 | 0.0119 | 0.2433 | 1.1813 | 2.5455 | 1.2446 | 0.2726 | 25.8743 | 14.6903 | 0.1631 | 0.2680 | 0.2703 | 11.8514 | 16.1263 | 0.9841 | 0.2660 | 25.0654
30 | 2.3140 | 0.2053 | 0.0117 | 0.2365 | 1.1812 | 2.5398 | 1.2448 | 0.2763 | 25.8364 | 14.8059 | 0.1652 | 0.2676 | 0.2635 | 11.9093 | 16.3098 | 0.9824 | 0.2699 | 25.0004
31 | 2.2978 | 0.2076 | 0.0117 | 0.2281 | 1.1813 | 2.5196 | 1.2443 | 0.2801 | 25.7934 | 14.8368 | 0.1679 | 0.2609 | 0.2549 | 11.8704 | 16.4357 | 0.9897 | 0.2732 | 24.9993
32 | 2.2765 | 0.2092 | 0.0115 | 0.2191 | 1.1826 | 2.4907 | 1.2429 | 0.2837 | 25.7356 | 14.9371 | 0.1701 | 0.2629 | 0.2479 | 12.0234 | 16.4891 | 0.9854 | 0.2769 | 24.9481
33 | 2.2534 | 0.2113 | 0.0114 | 0.2126 | 1.1831 | 2.4530 | 1.2398 | 0.2867 | 25.6370 | 14.9611 | 0.1697 | 0.2530 | 0.2427 | 12.1705 | 16.4208 | 0.9885 | 0.2790 | 24.8115
34 | 2.2501 | 0.2118 | 0.0114 | 0.2096 | 1.1847 | 2.4498 | 1.2399 | 0.2889 | 25.6042 | 14.9440 | 0.1703 | 0.2539 | 0.2408 | 12.0606 | 16.4974 | 0.9933 | 0.2809 | 24.9810
35 | 2.2385 | 0.2117 | 0.0113 | 0.2067 | 1.1850 | 2.4328 | 1.2385 | 0.2908 | 25.5666 | 15.0417 | 0.1753 | 0.2529 | 0.2376 | 11.8895 | 16.8620 | 0.9921 | 0.2829 | 24.8218
36 | 2.2392 | 0.2122 | 0.0112 | 0.2049 | 1.1854 | 2.4363 | 1.2383 | 0.2925 | 25.5440 | 14.9811 | 0.1747 | 0.2504 | 0.2375 | 12.0979 | 16.5391 | 0.9990 | 0.2844 | 25.0654
37 | 2.2366 | 0.2125 | 0.0113 | 0.2052 | 1.1853 | 2.4298 | 1.2387 | 0.2931 | 25.5478 | 15.1110 | 0.1711 | 0.2498 | 0.2370 | 12.3311 | 16.5750 | 0.9979 | 0.2850 | 25.0515
38 | 2.2340 | 0.2121 | 0.0112 | 0.2059 | 1.1851 | 2.4245 | 1.2390 | 0.2935 | 25.5631 | 15.0637 | 0.1723 | 0.2500 | 0.2370 | 12.1903 | 16.6186 | 0.9988 | 0.2849 | 25.1032
39 | 2.2207 | 0.2128 | 0.0111 | 0.2042 | 1.1850 | 2.4001 | 1.2367 | 0.2937 | 25.5226 | 15.1079 | 0.1719 | 0.2484 | 0.2354 | 12.3119 | 16.5925 | 0.9989 | 0.2851 | 25.0691
40 | 2.2133 | 0.2131 | 0.0113 | 0.2032 | 1.1855 | 2.3859 | 1.2348 | 0.2933 | 25.5044 | 14.8757 | 0.1731 | 0.2440 | 0.2356 | 12.0236 | 16.4223 | 1.0031 | 0.2845 | 25.1100
41 | 2.2176 | 0.2134 | 0.0114 | 0.2035 | 1.1853 | 2.3933 | 1.2350 | 0.2931 | 25.5083 | 14.8453 | 0.1741 | 0.2491 | 0.2357 | 12.1859 | 16.1870 | 0.9964 | 0.2851 | 25.0128
42 | 2.2208 | 0.2137 | 0.0114 | 0.2037 | 1.1843 | 2.3998 | 1.2341 | 0.2936 | 25.4984 | 14.7177 | 0.1771 | 0.2478 | 0.2359 | 11.9069 | 16.2068 | 0.9999 | 0.2849 | 25.0829
43 | 2.2256 | 0.2141 | 0.0114 | 0.2029 | 1.1834 | 2.4110 | 1.2339 | 0.2943 | 25.4927 | 14.7503 | 0.1736 | 0.2473 | 0.2355 | 12.0279 | 16.1598 | 0.9991 | 0.2860 | 25.0732
44 | 2.2201 | 0.2139 | 0.0114 | 0.2028 | 1.1835 | 2.4005 | 1.2319 | 0.2949 | 25.4673 | 14.7054 | 0.1756 | 0.2448 | 0.2349 | 11.8753 | 16.2249 | 1.0050 | 0.2867 | 25.2340
45 | 2.2293 | 0.2144 | 0.0114 | 0.2025 | 1.1831 | 2.4188 | 1.2293 | 0.2948 | 25.4280 | 14.7014 | 0.1750 | 0.2470 | 0.2357 | 11.8732 | 16.2141 | 1.0009 | 0.2867 | 25.1125
46 | 2.2467 | 0.2136 | 0.0115 | 0.2038 | 1.1823 | 2.4534 | 1.2296 | 0.2953 | 25.4559 | 14.8353 | 0.1734 | 0.2471 | 0.2384 | 11.9732 | 16.3793 | 1.0008 | 0.2875 | 25.1663
47 | 2.2534 | 0.2134 | 0.0115 | 0.2045 | 1.1813 | 2.4666 | 1.2309 | 0.2956 | 25.5006 | 14.7157 | 0.1748 | 0.2494 | 0.2386 | 11.8806 | 16.2253 | 0.9980 | 0.2868 | 25.0983
48 | 2.2632 | 0.2129 | 0.0116 | 0.2060 | 1.1807 | 2.4850 | 1.2302 | 0.2951 | 25.5323 | 14.7143 | 0.1721 | 0.2495 | 0.2405 | 11.8358 | 16.2687 | 0.9988 | 0.2861 | 25.1483
49 | 2.2702 | 0.2119 | 0.0116 | 0.2070 | 1.1808 | 2.4988 | 1.2303 | 0.2940 | 25.5591 | 14.7820 | 0.1772 | 0.2482 | 0.2427 | 12.1143 | 16.1136 | 1.0036 | 0.2854 | 25.3040
50 | 2.2755 | 0.2106 | 0.0118 | 0.2088 | 1.1802 | 2.5083 | 1.2308 | 0.2938 | 25.6065 | 14.6269 | 0.1744 | 0.2488 | 0.2428 | 11.7133 | 16.2084 | 1.0016 | 0.2859 | 25.3316
51 | 2.2814 | 0.2100 | 0.0118 | 0.2099 | 1.1789 | 2.5206 | 1.2310 | 0.2942 | 25.6491 | 14.7193 | 0.1715 | 0.2509 | 0.2441 | 11.9976 | 16.1083 | 1.0003 | 0.2858 | 25.3366
52 | 2.2924 | 0.2090 | 0.0121 | 0.2124 | 1.1774 | 2.5403 | 1.2303 | 0.2941 | 25.6878 | 14.4503 | 0.1743 | 0.2531 | 0.2482 | 11.7184 | 15.8309 | 0.9996 | 0.2856 | 25.3461
53 | 2.3021 | 0.2077 | 0.0123 | 0.2167 | 1.1748 | 2.5560 | 1.2318 | 0.2939 | 25.7934 | 14.4642 | 0.1726 | 0.2583 | 0.2511 | 11.8526 | 15.7117 | 0.9961 | 0.2859 | 25.4905
54 | 2.3169 | 0.2073 | 0.0124 | 0.2180 | 1.1728 | 2.5855 | 1.2311 | 0.2941 | 25.8373 | 14.2166 | 0.1730 | 0.2594 | 0.2511 | 11.5557 | 15.5104 | 0.9953 | 0.2856 | 25.5006
55 | 2.3222 | 0.2067 | 0.0124 | 0.2170 | 1.1719 | 2.6003 | 1.2301 | 0.2949 | 25.8579 | 14.3907 | 0.1678 | 0.2567 | 0.2501 | 11.8122 | 15.6197 | 0.9968 | 0.2872 | 25.5310
56 | 2.3335 | 0.2061 | 0.0125 | 0.2170 | 1.1717 | 2.6242 | 1.2293 | 0.2949 | 25.8849 | 14.4386 | 0.1771 | 0.2614 | 0.2498 | 11.9307 | 15.5698 | 0.9946 | 0.2863 | 25.6291
57 | 2.3379 | 0.2061 | 0.0124 | 0.2166 | 1.1703 | 2.6353 | 1.2285 | 0.2944 | 25.9111 | 14.1948 | 0.1712 | 0.2600 | 0.2496 | 11.5435 | 15.4845 | 0.9947 | 0.2861 | 25.5463
58 | 2.3544 | 0.2053 | 0.0125 | 0.2171 | 1.1705 | 2.6685 | 1.2277 | 0.2939 | 25.9409 | 14.1814 | 0.1718 | 0.2589 | 0.2498 | 11.5456 | 15.4562 | 0.9985 | 0.2855 | 25.7470
59 | 2.3707 | 0.2049 | 0.0125 | 0.2164 | 1.1700 | 2.7038 | 1.2267 | 0.2937 | 25.9342 | 14.3418 | 0.1675 | 0.2613 | 0.2503 | 11.7788 | 15.5466 | 0.9938 | 0.2857 | 25.6835
60 | 2.4041 | 0.2044 | 0.0127 | 0.2186 | 1.1692 | 2.7675 | 1.2252 | 0.2933 | 25.9617 | 14.2490 | 0.1709 | 0.2627 | 0.2531 | 11.7714 | 15.3531 | 0.9923 | 0.2846 | 25.7459
61 | 2.4266 | 0.2040 | 0.0128 | 0.2199 | 1.1687 | 2.8110 | 1.2237 | 0.2927 | 25.9817 | 14.2313 | 0.1686 | 0.2616 | 0.2538 | 11.7209 | 15.3737 | 0.9929 | 0.2846 | 25.7404
62 | 2.4577 | 0.2033 | 0.0130 | 0.2216 | 1.1683 | 2.8715 | 1.2237 | 0.2922 | 26.0342 | 14.2579 | 0.1691 | 0.2623 | 0.2537 | 11.6495 | 15.4963 | 0.9929 | 0.2846 | 25.8020
63 | 2.4813 | 0.2027 | 0.0129 | 0.2224 | 1.1671 | 2.9193 | 1.2232 | 0.2919 | 26.0508 | 14.0568 | 0.1681 | 0.2648 | 0.2561 | 11.4412 | 15.2945 | 0.9932 | 0.2842 | 25.9551
64 | 2.4905 | 0.2022 | 0.0130 | 0.2234 | 1.1667 | 2.9372 | 1.2229 | 0.2916 | 26.0890 | 14.1482 | 0.1668 | 0.2642 | 0.2563 | 11.5322 | 15.3895 | 0.9890 | 0.2833 | 25.8031
65 | 2.5093 | 0.2014 | 0.0131 | 0.2247 | 1.1655 | 2.9748 | 1.2222 | 0.2912 | 26.1094 | 14.1090 | 0.1664 | 0.2609 | 0.2582 | 11.5242 | 15.3229 | 0.9963 | 0.2828 | 25.9824
66 | 2.5259 | 0.2009 | 0.0132 | 0.2260 | 1.1653 | 3.0063 | 1.2207 | 0.2908 | 26.1251 | 14.3189 | 0.1658 | 0.2631 | 0.2583 | 11.8682 | 15.3952 | 0.9907 | 0.2832 | 25.8511
67 | 2.5427 | 0.2001 | 0.0133 | 0.2268 | 1.1649 | 3.0402 | 1.2208 | 0.2907 | 26.1457 | 14.2189 | 0.1652 | 0.2646 | 0.2592 | 11.6496 | 15.4100 | 0.9891 | 0.2829 | 25.9206
68 | 2.5606 | 0.1992 | 0.0133 | 0.2292 | 1.1640 | 3.0740 | 1.2201 | 0.2907 | 26.1684 | 14.2033 | 0.1641 | 0.2633 | 0.2619 | 11.6361 | 15.3919 | 0.9928 | 0.2833 | 25.9545
69 | 2.5766 | 0.1983 | 0.0133 | 0.2310 | 1.1633 | 3.1048 | 1.2200 | 0.2904 | 26.2089 | 14.2240 | 0.1634 | 0.2676 | 0.2626 | 11.5590 | 15.5017 | 0.9858 | 0.2822 | 25.9683
70 | 2.5887 | 0.1972 | 0.0135 | 0.2326 | 1.1629 | 3.1280 | 1.2194 | 0.2899 | 26.2369 | 14.3225 | 0.1631 | 0.2674 | 0.2650 | 11.7320 | 15.5222 | 0.9881 | 0.2811 | 26.0798
71 | 2.5906 | 0.1961 | 0.0136 | 0.2337 | 1.1624 | 3.1320 | 1.2184 | 0.2893 | 26.2561 | 14.2254 | 0.1637 | 0.2695 | 0.2659 | 11.6075 | 15.4451 | 0.9850 | 0.2804 | 26.1334
72 | 2.6214 | 0.1951 | 0.0136 | 0.2353 | 1.1610 | 3.1940 | 1.2189 | 0.2885 | 26.3101 | 14.1729 | 0.1606 | 0.2685 | 0.2685 | 11.6003 | 15.3501 | 0.9882 | 0.2812 | 26.0868
73 | 2.6374 | 0.1945 | 0.0137 | 0.2358 | 1.1604 | 3.2266 | 1.2199 | 0.2878 | 26.3561 | 14.2395 | 0.1582 | 0.2712 | 0.2701 | 11.7295 | 15.3506 | 0.9843 | 0.2793 | 26.1163
74 | 2.6664 | 0.1934 | 0.0136 | 0.2377 | 1.1590 | 3.2842 | 1.2203 | 0.2871 | 26.4022 | 14.2962 | 0.1576 | 0.2710 | 0.2718 | 11.7652 | 15.4264 | 0.9868 | 0.2795 | 26.1440
75 | 2.6933 | 0.1919 | 0.0137 | 0.2405 | 1.1584 | 3.3362 | 1.2198 | 0.2862 | 26.4364 | 14.3749 | 0.1594 | 0.2730 | 0.2735 | 11.7469 | 15.5912 | 0.9856 | 0.2779 | 26.2395
76 | 2.7117 | 0.1908 | 0.0139 | 0.2428 | 1.1579 | 3.3706 | 1.2182 | 0.2854 | 26.4505 | 14.3684 | 0.1562 | 0.2722 | 0.2766 | 11.8147 | 15.5121 | 0.9842 | 0.2773 | 26.2696
77 | 2.7264 | 0.1897 | 0.0140 | 0.2449 | 1.1574 | 3.3983 | 1.2178 | 0.2844 | 26.4858 | 14.2410 | 0.1560 | 0.2754 | 0.2785 | 11.5633 | 15.4991 | 0.9823 | 0.2767 | 26.3119
78 | 2.7459 | 0.1880 | 0.0141 | 0.2478 | 1.1567 | 3.4354 | 1.2176 | 0.2833 | 26.5405 | 14.1424 | 0.1531 | 0.2753 | 0.2811 | 11.4558 | 15.4099 | 0.9841 | 0.2756 | 26.4159
79 | 2.7694 | 0.1865 | 0.0141 | 0.2506 | 1.1562 | 3.4800 | 1.2178 | 0.2820 | 26.6072 | 14.2537 | 0.1520 | 0.2768 | 0.2842 | 11.6356 | 15.4459 | 0.9817 | 0.2736 | 26.4724
80 | 2.7991 | 0.1854 | 0.0142 | 0.2535 | 1.1550 | 3.5371 | 1.2175 | 0.2807 | 26.6542 | 14.3412 | 0.1508 | 0.2792 | 0.2870 | 11.7315 | 15.5168 | 0.9793 | 0.2727 | 26.4750
81 | 2.8177 | 0.1839 | 0.0143 | 0.2570 | 1.1539 | 3.5713 | 1.2181 | 0.2795 | 26.7187 | 14.3481 | 0.1498 | 0.2799 | 0.2900 | 11.7747 | 15.4820 | 0.9787 | 0.2718 | 26.5006
82 | 2.8408 | 0.1824 | 0.0143 | 0.2597 | 1.1526 | 3.6161 | 1.2178 | 0.2783 | 26.7639 | 14.4501 | 0.1480 | 0.2793 | 0.2927 | 11.9268 | 15.5334 | 0.9793 | 0.2709 | 26.5661
83 | 2.8662 | 0.1812 | 0.0145 | 0.2627 | 1.1518 | 3.6640 | 1.2182 | 0.2770 | 26.8178 | 14.3612 | 0.1483 | 0.2841 | 0.2952 | 11.6361 | 15.6312 | 0.9752 | 0.2690 | 26.6135
84 | 2.8983 | 0.1799 | 0.0146 | 0.2658 | 1.1510 | 3.7250 | 1.2178 | 0.2758 | 26.8643 | 14.4105 | 0.1470 | 0.2860 | 0.2987 | 11.5872 | 15.7703 | 0.9752 | 0.2679 | 26.7720
85 | 2.9368 | 0.1785 | 0.0147 | 0.2698 | 1.1501 | 3.7975 | 1.2185 | 0.2746 | 26.9283 | 14.6888 | 0.1455 | 0.2847 | 0.3026 | 12.0560 | 15.8560 | 0.9776 | 0.2665 | 26.7893
86 | 2.9725 | 0.1771 | 0.0148 | 0.2734 | 1.1485 | 3.8657 | 1.2189 | 0.2735 | 26.9783 | 14.6926 | 0.1429 | 0.2884 | 0.3060 | 11.8978 | 16.0128 | 0.9722 | 0.2657 | 26.7987
87 | 3.0050 | 0.1758 | 0.0149 | 0.2765 | 1.1477 | 3.9280 | 1.2194 | 0.2723 | 27.0234 | 14.7055 | 0.1416 | 0.2899 | 0.3090 | 11.9060 | 16.0240 | 0.9708 | 0.2647 | 26.7610
88 | 3.0422 | 0.1744 | 0.0151 | 0.2801 | 1.1467 | 3.9987 | 1.2201 | 0.2711 | 27.0785 | 14.6182 | 0.1414 | 0.2895 | 0.3127 | 11.6968 | 16.0523 | 0.9745 | 0.2636 | 26.9377
89 | 3.0925 | 0.1730 | 0.0150 | 0.2833 | 1.1451 | 4.0972 | 1.2206 | 0.2700 | 27.1315 | 14.6617 | 0.1397 | 0.2914 | 0.3159 | 11.6964 | 16.1329 | 0.9732 | 0.2626 | 26.9820
90 | 3.1375 | 0.1714 | 0.0152 | 0.2868 | 1.1443 | 4.1840 | 1.2212 | 0.2689 | 27.1860 | 14.8041 | 0.1387 | 0.2934 | 0.3188 | 11.8098 | 16.2967 | 0.9716 | 0.2615 | 26.9874
91 | 3.1886 | 0.1701 | 0.0153 | 0.2902 | 1.1436 | 4.2823 | 1.2216 | 0.2678 | 27.2307 | 14.8681 | 0.1364 | 0.2968 | 0.3225 | 11.8133 | 16.4117 | 0.9677 | 0.2604 | 27.0765
92 | 3.2402 | 0.1687 | 0.0154 | 0.2940 | 1.1423 | 4.3818 | 1.2221 | 0.2668 | 27.2826 | 14.9102 | 0.1351 | 0.2989 | 0.3260 | 11.7525 | 16.5475 | 0.9663 | 0.2590 | 27.1050
93 | 3.3018 | 0.1674 | 0.0156 | 0.2976 | 1.1414 | 4.5011 | 1.2224 | 0.2659 | 27.3239 | 15.0866 | 0.1339 | 0.2996 | 0.3293 | 11.9396 | 16.7079 | 0.9666 | 0.2586 | 27.1301
94 | 3.3649 | 0.1663 | 0.0157 | 0.3015 | 1.1404 | 4.6226 | 1.2228 | 0.2651 | 27.3725 | 15.0793 | 0.1335 | 0.3025 | 0.3327 | 11.8305 | 16.7909 | 0.9654 | 0.2577 | 27.2660
95 | 3.4359 | 0.1651 | 0.0158 | 0.3053 | 1.1394 | 4.7600 | 1.2229 | 0.2643 | 27.4194 | 15.2144 | 0.1321 | 0.3040 | 0.3360 | 11.9371 | 16.9473 | 0.9633 | 0.2574 | 27.2429
96 | 3.5172 | 0.1641 | 0.0159 | 0.3092 | 1.1386 | 4.9174 | 1.2229 | 0.2637 | 27.4597 | 15.3088 | 0.1317 | 0.3044 | 0.3396 | 12.0198 | 17.0464 | 0.9634 | 0.2571 | 27.2857
97 | 3.5872 | 0.1634 | 0.0161 | 0.3130 | 1.1377 | 5.0517 | 1.2221 | 0.2632 | 27.4862 | 15.2940 | 0.1315 | 0.3060 | 0.3427 | 11.9460 | 17.0816 | 0.9629 | 0.2567 | 27.3355
98 | 3.6349 | 0.1630 | 0.0163 | 0.3159 | 1.1372 | 5.1422 | 1.2214 | 0.2629 | 27.5030 | 15.3286 | 0.1312 | 0.3072 | 0.3452 | 11.9479 | 17.1419 | 0.9609 | 0.2564 | 27.3467
99 | 3.6749 | 0.1629 | 0.0165 | 0.3179 | 1.1372 | 5.2180 | 1.2211 | 0.2627 | 27.5229 | 15.3026 | 0.1314 | 0.3080 | 0.3470 | 11.8800 | 17.1524 | 0.9596 | 0.2563 | 27.3381
100 | 3.6984 | 0.1630 | 0.0165 | 0.3193 | 1.1369 | 5.2622 | 1.2206 | 0.2626 | 27.5276 | 15.2913 | 0.1316 | 0.3085 | 0.3478 | 11.8686 | 17.1381 | 0.9590 | 0.2562 | 27.3444
epoch | loss | sim_loss | var_pred | var_target | cov_pred | cov_target | feat_std | feat_std_ctx | feat_norm | val_loss | val_sim_loss | val_var_pred | val_var_target | val_cov_pred | val_cov_target | val_feat_std | val_feat_std_ctx | val_feat_norm
1 | 27.3325 | 0.3860 | 0.6813 | 0.2298 | 1.3756 | 50.6824 | 0.3186 | 0.8072 | 7.2058 | 48.4869 | 0.2885 | 0.7961 | 0.1819 | 42.5775 | 51.3061 | 0.2037 | 0.8871 | 5.3268
2 | 7.6783 | 0.3766 | 0.6593 | 0.0655 | 1.2437 | 11.8947 | 0.3406 | 0.9393 | 7.2328 | 31.7587 | 0.2772 | 0.7490 | 0.1297 | 26.1502 | 34.7783 | 0.2509 | 0.8985 | 5.8867
3 | 6.2595 | 0.3547 | 0.6579 | 0.0565 | 1.2457 | 9.1189 | 0.3420 | 0.8921 | 7.2515 | 27.9287 | 0.2726 | 0.7152 | 0.1178 | 22.9533 | 30.6230 | 0.2847 | 0.8345 | 6.5311
4 | 5.8344 | 0.3438 | 0.6570 | 0.0534 | 1.2468 | 8.2975 | 0.3429 | 0.8083 | 7.2607 | 26.4314 | 0.2736 | 0.6980 | 0.1157 | 22.1698 | 28.5013 | 0.3019 | 0.7411 | 6.8502
5 | 5.4417 | 0.3382 | 0.6566 | 0.0537 | 1.2466 | 7.5238 | 0.3433 | 0.7042 | 7.2645 | 25.2244 | 0.2745 | 0.6885 | 0.1141 | 21.5673 | 26.7214 | 0.3114 | 0.6330 | 7.0371
6 | 5.0896 | 0.3351 | 0.6565 | 0.0556 | 1.2458 | 6.8234 | 0.3434 | 0.5901 | 7.2660 | 23.9155 | 0.2751 | 0.6847 | 0.1148 | 20.5237 | 25.1518 | 0.3152 | 0.5200 | 7.1142
7 | 4.8218 | 0.3326 | 0.6566 | 0.0607 | 1.2449 | 6.2832 | 0.3434 | 0.4765 | 7.2662 | 22.9583 | 0.2773 | 0.6816 | 0.1158 | 19.7975 | 23.9620 | 0.3183 | 0.4126 | 7.1621
8 | 4.6327 | 0.3299 | 0.6569 | 0.0705 | 1.2438 | 5.8913 | 0.3430 | 0.3741 | 7.2662 | 21.4371 | 0.2772 | 0.6808 | 0.1233 | 18.2393 | 22.4625 | 0.3191 | 0.3215 | 7.2000
9 | 4.4925 | 0.3265 | 0.6575 | 0.0851 | 1.2432 | 5.5880 | 0.3425 | 0.2927 | 7.2662 | 20.6749 | 0.2758 | 0.6818 | 0.1366 | 17.4812 | 21.6678 | 0.3182 | 0.2546 | 7.2316
10 | 4.3883 | 0.3233 | 0.6583 | 0.1046 | 1.2414 | 5.3473 | 0.3416 | 0.2368 | 7.2661 | 19.8884 | 0.2778 | 0.6836 | 0.1522 | 16.4688 | 21.0680 | 0.3164 | 0.2119 | 7.2388
11 | 4.2823 | 0.3199 | 0.6593 | 0.1271 | 1.2397 | 5.0967 | 0.3406 | 0.2035 | 7.2659 | 19.5564 | 0.2741 | 0.6852 | 0.1712 | 16.2423 | 20.5951 | 0.3147 | 0.1880 | 7.2532
12 | 4.2064 | 0.3165 | 0.6602 | 0.1462 | 1.2383 | 4.9131 | 0.3398 | 0.1861 | 7.2659 | 19.3411 | 0.2707 | 0.6862 | 0.1858 | 16.0988 | 20.2823 | 0.3137 | 0.1763 | 7.2680
13 | 4.1183 | 0.3139 | 0.6609 | 0.1611 | 1.2373 | 4.7120 | 0.3390 | 0.1783 | 7.2660 | 19.0979 | 0.2688 | 0.6894 | 0.1977 | 16.0248 | 19.8432 | 0.3105 | 0.1728 | 7.2723
14 | 4.0536 | 0.3114 | 0.6616 | 0.1763 | 1.2364 | 4.5567 | 0.3383 | 0.1764 | 7.2659 | 18.5468 | 0.2672 | 0.6907 | 0.2104 | 15.1906 | 19.5501 | 0.3092 | 0.1719 | 7.2752
15 | 4.0045 | 0.3090 | 0.6621 | 0.1907 | 1.2361 | 4.4337 | 0.3378 | 0.1763 | 7.2661 | 18.4777 | 0.2636 | 0.6924 | 0.2234 | 15.3358 | 19.2433 | 0.3075 | 0.1722 | 7.2838
16 | 3.9598 | 0.3067 | 0.6626 | 0.2062 | 1.2356 | 4.3173 | 0.3373 | 0.1769 | 7.2660 | 18.0248 | 0.2605 | 0.6938 | 0.2383 | 14.9329 | 18.7127 | 0.3060 | 0.1730 | 7.2954
17 | 3.9115 | 0.3041 | 0.6631 | 0.2223 | 1.2353 | 4.1929 | 0.3369 | 0.1781 | 7.2657 | 17.6437 | 0.2567 | 0.6958 | 0.2531 | 14.4265 | 18.4300 | 0.3041 | 0.1752 | 7.3015
18 | 3.9133 | 0.3019 | 0.6636 | 0.2378 | 1.2354 | 4.1690 | 0.3363 | 0.1797 | 7.2657 | 17.5811 | 0.2555 | 0.6969 | 0.2677 | 14.3883 | 18.3133 | 0.3030 | 0.1763 | 7.3109
19 | 3.9552 | 0.2997 | 0.6640 | 0.2543 | 1.2355 | 4.2233 | 0.3359 | 0.1814 | 7.2654 | 17.3863 | 0.2535 | 0.6983 | 0.2836 | 14.0634 | 18.2168 | 0.3015 | 0.1780 | 7.3185
20 | 4.0848 | 0.2974 | 0.6644 | 0.2716 | 1.2356 | 4.4517 | 0.3355 | 0.1830 | 7.2651 | 17.4931 | 0.2492 | 0.7006 | 0.3005 | 13.9442 | 18.5180 | 0.2992 | 0.1792 | 7.3298
21 | 4.2766 | 0.2950 | 0.6648 | 0.2888 | 1.2362 | 4.8044 | 0.3351 | 0.1843 | 7.2649 | 17.3991 | 0.2490 | 0.7022 | 0.3158 | 13.6982 | 18.5415 | 0.2976 | 0.1807 | 7.3379
22 | 4.5851 | 0.2929 | 0.6650 | 0.3053 | 1.2360 | 5.3921 | 0.3349 | 0.1863 | 7.2644 | 17.7678 | 0.2477 | 0.7027 | 0.3302 | 13.5522 | 19.3962 | 0.2971 | 0.1827 | 7.3480
23 | 5.0523 | 0.2916 | 0.6653 | 0.3207 | 1.2363 | 6.2976 | 0.3346 | 0.1880 | 7.2638 | 18.4065 | 0.2484 | 0.7049 | 0.3447 | 13.5535 | 20.6359 | 0.2949 | 0.1845 | 7.3603
24 | 5.7726 | 0.2900 | 0.6655 | 0.3348 | 1.2360 | 7.7131 | 0.3345 | 0.1896 | 7.2634 | 19.0125 | 0.2462 | 0.7056 | 0.3573 | 13.5390 | 21.8399 | 0.2942 | 0.1859 | 7.3622
25 | 6.6168 | 0.2888 | 0.6656 | 0.3477 | 1.2360 | 9.3778 | 0.3343 | 0.1915 | 7.2627 | 19.5045 | 0.2450 | 0.7071 | 0.3693 | 13.2372 | 23.1000 | 0.2927 | 0.1885 | 7.3681
26 | 7.5493 | 0.2874 | 0.6658 | 0.3606 | 1.2359 | 11.2196 | 0.3341 | 0.1942 | 7.2622 | 20.9493 | 0.2447 | 0.7083 | 0.3828 | 13.0469 | 26.1502 | 0.2915 | 0.1899 | 7.3743
27 | 8.8911 | 0.2861 | 0.6660 | 0.3736 | 1.2352 | 13.8800 | 0.3340 | 0.1963 | 7.2617 | 22.2245 | 0.2457 | 0.7088 | 0.3926 | 13.1673 | 28.5567 | 0.2910 | 0.1923 | 7.3799
28 | 10.7693 | 0.2854 | 0.6661 | 0.3853 | 1.2349 | 17.6148 | 0.3338 | 0.1984 | 7.2610 | 24.2716 | 0.2436 | 0.7104 | 0.4034 | 13.0985 | 32.6983 | 0.2893 | 0.1946 | 7.3846
29 | 12.7827 | 0.2845 | 0.6661 | 0.3964 | 1.2347 | 21.6211 | 0.3338 | 0.2005 | 7.2604 | 26.3108 | 0.2438 | 0.7118 | 0.4135 | 13.2284 | 36.6248 | 0.2880 | 0.1965 | 7.3760
30 | 14.5911 | 0.2837 | 0.6662 | 0.4067 | 1.2344 | 25.2193 | 0.3337 | 0.2025 | 7.2598 | 28.2372 | 0.2444 | 0.7127 | 0.4230 | 13.3800 | 40.3037 | 0.2870 | 0.1990 | 7.3783
31 | 16.7666 | 0.2828 | 0.6664 | 0.4166 | 1.2338 | 29.5525 | 0.3336 | 0.2041 | 7.2591 | 30.4091 | 0.2445 | 0.7137 | 0.4313 | 13.0890 | 44.9184 | 0.2860 | 0.1990 | 7.3849
32 | 19.1555 | 0.2820 | 0.6665 | 0.4248 | 1.2333 | 34.3158 | 0.3335 | 0.2063 | 7.2586 | 32.7360 | 0.2448 | 0.7150 | 0.4389 | 13.6910 | 48.9516 | 0.2847 | 0.2025 | 7.3865
33 | 21.0294 | 0.2814 | 0.6666 | 0.4315 | 1.2324 | 38.0520 | 0.3333 | 0.2083 | 7.2582 | 35.1686 | 0.2443 | 0.7161 | 0.4447 | 13.7714 | 53.7249 | 0.2837 | 0.2044 | 7.3790
34 | 23.1068 | 0.2806 | 0.6668 | 0.4395 | 1.2323 | 42.1923 | 0.3332 | 0.2105 | 7.2575 | 36.4396 | 0.2445 | 0.7166 | 0.4532 | 14.3739 | 55.6442 | 0.2831 | 0.2055 | 7.3890
35 | 25.0639 | 0.2797 | 0.6669 | 0.4472 | 1.2318 | 46.0932 | 0.3331 | 0.2122 | 7.2574 | 37.3118 | 0.2418 | 0.7190 | 0.4602 | 13.9646 | 57.7837 | 0.2807 | 0.2075 | 7.3926
36 | 26.9393 | 0.2792 | 0.6669 | 0.4537 | 1.2315 | 49.8321 | 0.3330 | 0.2139 | 7.2569 | 39.7677 | 0.2422 | 0.7195 | 0.4653 | 13.8833 | 62.7618 | 0.2803 | 0.2092 | 7.4111
37 | 28.7401 | 0.2792 | 0.6669 | 0.4582 | 1.2315 | 53.4248 | 0.3330 | 0.2156 | 7.2567 | 40.8643 | 0.2442 | 0.7200 | 0.4687 | 13.7624 | 65.0664 | 0.2797 | 0.2098 | 7.3990
38 | 30.0300 | 0.2794 | 0.6670 | 0.4615 | 1.2308 | 55.9980 | 0.3329 | 0.2174 | 7.2564 | 42.1162 | 0.2457 | 0.7206 | 0.4710 | 13.7914 | 67.5308 | 0.2791 | 0.2126 | 7.4069
39 | 30.5648 | 0.2798 | 0.6671 | 0.4636 | 1.2305 | 57.0629 | 0.3328 | 0.2188 | 7.2561 | 42.4023 | 0.2452 | 0.7215 | 0.4735 | 13.8004 | 68.0880 | 0.2782 | 0.2141 | 7.4090
40 | 30.6650 | 0.2802 | 0.6671 | 0.4664 | 1.2297 | 57.2579 | 0.3328 | 0.2202 | 7.2557 | 43.3734 | 0.2455 | 0.7227 | 0.4760 | 13.5219 | 70.2998 | 0.2770 | 0.2152 | 7.4110
41 | 32.2566 | 0.2801 | 0.6671 | 0.4695 | 1.2290 | 60.4354 | 0.3328 | 0.2215 | 7.2551 | 44.4942 | 0.2478 | 0.7228 | 0.4782 | 13.7323 | 72.3233 | 0.2769 | 0.2154 | 7.4047
42 | 32.9808 | 0.2801 | 0.6673 | 0.4720 | 1.2281 | 61.8797 | 0.3327 | 0.2220 | 7.2546 | 46.0565 | 0.2478 | 0.7228 | 0.4809 | 13.5120 | 75.6622 | 0.2769 | 0.2167 | 7.4082
43 | 33.9763 | 0.2801 | 0.6673 | 0.4740 | 1.2277 | 63.8670 | 0.3326 | 0.2229 | 7.2541 | 46.4764 | 0.2470 | 0.7244 | 0.4835 | 13.4454 | 76.5616 | 0.2753 | 0.2176 | 7.4096
44 | 34.8367 | 0.2797 | 0.6674 | 0.4774 | 1.2271 | 65.5822 | 0.3325 | 0.2243 | 7.2538 | 47.7750 | 0.2458 | 0.7241 | 0.4869 | 13.3662 | 79.2324 | 0.2756 | 0.2187 | 7.4191
45 | 36.2425 | 0.2797 | 0.6675 | 0.4800 | 1.2265 | 68.3890 | 0.3324 | 0.2255 | 7.2533 | 48.8387 | 0.2455 | 0.7244 | 0.4892 | 13.6530 | 81.0664 | 0.2753 | 0.2214 | 7.4305
46 | 37.7082 | 0.2796 | 0.6677 | 0.4823 | 1.2262 | 71.3160 | 0.3322 | 0.2269 | 7.2529 | 49.4768 | 0.2457 | 0.7245 | 0.4920 | 13.9921 | 81.9979 | 0.2752 | 0.2203 | 7.4266
47 | 38.6066 | 0.2791 | 0.6679 | 0.4852 | 1.2257 | 73.1082 | 0.3320 | 0.2281 | 7.2525 | 50.2026 | 0.2450 | 0.7252 | 0.4943 | 13.9289 | 83.5085 | 0.2746 | 0.2220 | 7.4231
48 | 39.2175 | 0.2788 | 0.6680 | 0.4876 | 1.2241 | 74.3273 | 0.3320 | 0.2289 | 7.2521 | 50.6609 | 0.2451 | 0.7266 | 0.4970 | 13.7308 | 84.6156 | 0.2731 | 0.2223 | 7.4188
49 | 39.7742 | 0.2787 | 0.6683 | 0.4900 | 1.2226 | 75.4371 | 0.3317 | 0.2301 | 7.2518 | 51.2252 | 0.2457 | 0.7265 | 0.4997 | 13.4832 | 85.9848 | 0.2732 | 0.2238 | 7.4221
50 | 39.9027 | 0.2783 | 0.6685 | 0.4924 | 1.2218 | 75.6903 | 0.3314 | 0.2309 | 7.2514 | 51.1195 | 0.2430 | 0.7263 | 0.5024 | 13.1719 | 86.0807 | 0.2734 | 0.2249 | 7.4453
51 | 40.5702 | 0.2783 | 0.6687 | 0.4942 | 1.2202 | 77.0228 | 0.3312 | 0.2317 | 7.2511 | 52.9334 | 0.2445 | 0.7262 | 0.5038 | 13.4584 | 89.4194 | 0.2735 | 0.2260 | 7.4300
52 | 41.4467 | 0.2784 | 0.6688 | 0.4963 | 1.2196 | 78.7719 | 0.3311 | 0.2321 | 7.2505 | 53.9066 | 0.2441 | 0.7261 | 0.5063 | 13.5964 | 91.2233 | 0.2736 | 0.2256 | 7.4309
53 | 41.1360 | 0.2781 | 0.6691 | 0.4989 | 1.2183 | 78.1467 | 0.3308 | 0.2323 | 7.2500 | 53.7038 | 0.2431 | 0.7265 | 0.5097 | 13.2022 | 91.2062 | 0.2732 | 0.2257 | 7.4298
54 | 41.3202 | 0.2778 | 0.6693 | 0.5027 | 1.2166 | 78.5091 | 0.3306 | 0.2324 | 7.2496 | 55.6922 | 0.2446 | 0.7257 | 0.5126 | 13.7001 | 94.6765 | 0.2740 | 0.2265 | 7.4369
55 | 41.9742 | 0.2778 | 0.6696 | 0.5057 | 1.2154 | 79.8122 | 0.3303 | 0.2327 | 7.2490 | 56.0013 | 0.2441 | 0.7268 | 0.5157 | 13.8339 | 95.1551 | 0.2729 | 0.2262 | 7.4284
56 | 42.1782 | 0.2772 | 0.6698 | 0.5084 | 1.2135 | 80.2175 | 0.3301 | 0.2328 | 7.2485 | 56.0503 | 0.2437 | 0.7258 | 0.5191 | 13.9853 | 95.0957 | 0.2739 | 0.2263 | 7.4399
57 | 42.5519 | 0.2764 | 0.6703 | 0.5122 | 1.2119 | 80.9595 | 0.3296 | 0.2329 | 7.2480 | 57.5167 | 0.2443 | 0.7256 | 0.5226 | 13.9411 | 98.0640 | 0.2741 | 0.2265 | 7.4422
58 | 43.0402 | 0.2760 | 0.6705 | 0.5165 | 1.2100 | 81.9299 | 0.3294 | 0.2328 | 7.2475 | 58.4400 | 0.2438 | 0.7272 | 0.5266 | 14.2644 | 99.5785 | 0.2725 | 0.2264 | 7.4364
59 | 43.4588 | 0.2756 | 0.6708 | 0.5208 | 1.2082 | 82.7604 | 0.3291 | 0.2330 | 7.2470 | 57.3625 | 0.2443 | 0.7276 | 0.5313 | 13.6197 | 98.0558 | 0.2722 | 0.2265 | 7.4414
60 | 44.4118 | 0.2754 | 0.6711 | 0.5245 | 1.2060 | 84.6612 | 0.3288 | 0.2331 | 7.2464 | 59.8915 | 0.2439 | 0.7272 | 0.5335 | 13.7667 | 102.9630 | 0.2726 | 0.2275 | 7.4466
61 | 45.0408 | 0.2749 | 0.6714 | 0.5271 | 1.2045 | 85.9161 | 0.3285 | 0.2336 | 7.2460 | 59.3938 | 0.2437 | 0.7286 | 0.5359 | 13.4641 | 102.2642 | 0.2712 | 0.2274 | 7.4416
62 | 45.1164 | 0.2744 | 0.6717 | 0.5292 | 1.2028 | 86.0650 | 0.3282 | 0.2339 | 7.2454 | 58.6806 | 0.2436 | 0.7281 | 0.5390 | 13.4583 | 100.8399 | 0.2718 | 0.2276 | 7.4340
63 | 44.9334 | 0.2737 | 0.6721 | 0.5318 | 1.2014 | 85.6957 | 0.3278 | 0.2339 | 7.2451 | 57.9808 | 0.2435 | 0.7289 | 0.5413 | 13.5763 | 99.3161 | 0.2710 | 0.2278 | 7.4350
64 | 44.9616 | 0.2732 | 0.6724 | 0.5346 | 1.1999 | 85.7487 | 0.3275 | 0.2341 | 7.2444 | 58.3738 | 0.2428 | 0.7288 | 0.5438 | 13.8080 | 99.8676 | 0.2711 | 0.2282 | 7.4323
65 | 44.9485 | 0.2725 | 0.6728 | 0.5378 | 1.1989 | 85.7177 | 0.3271 | 0.2342 | 7.2440 | 58.0818 | 0.2428 | 0.7287 | 0.5475 | 13.5510 | 99.5344 | 0.2712 | 0.2279 | 7.4284
66 | 44.8846 | 0.2717 | 0.6732 | 0.5411 | 1.1975 | 85.5856 | 0.3267 | 0.2344 | 7.2433 | 57.7821 | 0.2419 | 0.7288 | 0.5499 | 13.2636 | 99.2178 | 0.2711 | 0.2273 | 7.4339
67 | 45.4865 | 0.2710 | 0.6735 | 0.5443 | 1.1966 | 86.7847 | 0.3264 | 0.2343 | 7.2427 | 58.4559 | 0.2418 | 0.7288 | 0.5527 | 13.6980 | 100.1255 | 0.2711 | 0.2283 | 7.4347
68 | 45.7316 | 0.2702 | 0.6738 | 0.5476 | 1.1945 | 87.2715 | 0.3261 | 0.2345 | 7.2424 | 58.8309 | 0.2415 | 0.7292 | 0.5562 | 13.9223 | 100.6448 | 0.2708 | 0.2276 | 7.4311
69 | 46.1249 | 0.2698 | 0.6742 | 0.5506 | 1.1934 | 88.0533 | 0.3257 | 0.2343 | 7.2419 | 59.2765 | 0.2418 | 0.7296 | 0.5581 | 13.4982 | 101.9552 | 0.2704 | 0.2284 | 7.4283
70 | 46.6859 | 0.2692 | 0.6744 | 0.5530 | 1.1923 | 89.1722 | 0.3255 | 0.2341 | 7.2412 | 59.5086 | 0.2403 | 0.7310 | 0.5601 | 13.5926 | 102.3194 | 0.2690 | 0.2281 | 7.4371
71 | 47.1980 | 0.2685 | 0.6747 | 0.5542 | 1.1909 | 90.1963 | 0.3252 | 0.2340 | 7.2408 | 59.7048 | 0.2402 | 0.7303 | 0.5609 | 13.9686 | 102.3368 | 0.2698 | 0.2271 | 7.4315
72 | 47.0453 | 0.2682 | 0.6750 | 0.5559 | 1.1895 | 89.8891 | 0.3249 | 0.2339 | 7.2403 | 59.8861 | 0.2407 | 0.7304 | 0.5633 | 14.1569 | 102.5058 | 0.2697 | 0.2276 | 7.4271
73 | 47.4732 | 0.2675 | 0.6752 | 0.5575 | 1.1885 | 90.7437 | 0.3247 | 0.2337 | 7.2399 | 60.8433 | 0.2390 | 0.7307 | 0.5645 | 13.8812 | 104.6953 | 0.2694 | 0.2284 | 7.4331
74 | 48.2027 | 0.2669 | 0.6755 | 0.5579 | 1.1872 | 92.2038 | 0.3244 | 0.2336 | 7.2395 | 60.3620 | 0.2388 | 0.7316 | 0.5652 | 13.8577 | 103.7514 | 0.2685 | 0.2279 | 7.4423
75 | 47.9257 | 0.2667 | 0.6756 | 0.5590 | 1.1855 | 91.6497 | 0.3243 | 0.2335 | 7.2393 | 59.9591 | 0.2383 | 0.7322 | 0.5668 | 14.0080 | 102.7952 | 0.2678 | 0.2268 | 7.4265
76 | 48.2878 | 0.2666 | 0.6758 | 0.5591 | 1.1841 | 92.3749 | 0.3241 | 0.2331 | 7.2391 | 60.5841 | 0.2393 | 0.7319 | 0.5665 | 13.9457 | 104.1052 | 0.2681 | 0.2277 | 7.4320
77 | 48.3954 | 0.2664 | 0.6759 | 0.5593 | 1.1827 | 92.5910 | 0.3240 | 0.2329 | 7.2389 | 60.5321 | 0.2386 | 0.7321 | 0.5672 | 14.1750 | 103.7739 | 0.2680 | 0.2272 | 7.4230
78 | 49.7226 | 0.2659 | 0.6760 | 0.5594 | 1.1808 | 95.2480 | 0.3239 | 0.2326 | 7.2387 | 61.6754 | 0.2377 | 0.7328 | 0.5667 | 13.5279 | 106.7069 | 0.2673 | 0.2268 | 7.4329
79 | 50.3569 | 0.2652 | 0.6762 | 0.5591 | 1.1793 | 96.5197 | 0.3237 | 0.2324 | 7.2385 | 61.1132 | 0.2376 | 0.7327 | 0.5669 | 14.4313 | 104.6832 | 0.2674 | 0.2277 | 7.4106
80 | 50.0357 | 0.2644 | 0.6764 | 0.5597 | 1.1778 | 95.8788 | 0.3235 | 0.2322 | 7.2385 | 61.9714 | 0.2363 | 0.7331 | 0.5673 | 14.1456 | 106.6855 | 0.2670 | 0.2270 | 7.4144
81 | 49.7158 | 0.2638 | 0.6765 | 0.5601 | 1.1767 | 95.2402 | 0.3234 | 0.2319 | 7.2385 | 60.6551 | 0.2361 | 0.7336 | 0.5680 | 13.9391 | 104.2583 | 0.2665 | 0.2267 | 7.4142
82 | 48.7351 | 0.2631 | 0.6767 | 0.5611 | 1.1756 | 93.2790 | 0.3232 | 0.2317 | 7.2383 | 60.0096 | 0.2352 | 0.7334 | 0.5685 | 13.8191 | 103.0903 | 0.2667 | 0.2264 | 7.4032
83 | 47.8546 | 0.2621 | 0.6768 | 0.5618 | 1.1744 | 91.5195 | 0.3231 | 0.2313 | 7.2381 | 59.1961 | 0.2359 | 0.7328 | 0.5691 | 13.6505 | 101.6308 | 0.2673 | 0.2265 | 7.4021
84 | 47.1437 | 0.2614 | 0.6769 | 0.5621 | 1.1738 | 90.0990 | 0.3230 | 0.2308 | 7.2381 | 58.9377 | 0.2337 | 0.7339 | 0.5694 | 13.7117 | 101.0540 | 0.2662 | 0.2255 | 7.4027
85 | 46.6931 | 0.2607 | 0.6771 | 0.5620 | 1.1730 | 89.1998 | 0.3228 | 0.2301 | 7.2380 | 58.8911 | 0.2324 | 0.7343 | 0.5693 | 13.3716 | 101.3025 | 0.2657 | 0.2240 | 7.4061
86 | 46.0020 | 0.2602 | 0.6773 | 0.5620 | 1.1718 | 87.8193 | 0.3226 | 0.2294 | 7.2381 | 57.8508 | 0.2324 | 0.7340 | 0.5692 | 13.1962 | 99.4014 | 0.2660 | 0.2237 | 7.3870
87 | 44.9388 | 0.2597 | 0.6774 | 0.5618 | 1.1711 | 85.6950 | 0.3225 | 0.2286 | 7.2381 | 56.6561 | 0.2311 | 0.7344 | 0.5689 | 13.1447 | 97.0635 | 0.2655 | 0.2232 | 7.4016
88 | 44.1639 | 0.2594 | 0.6775 | 0.5614 | 1.1705 | 84.1469 | 0.3224 | 0.2277 | 7.2381 | 55.8210 | 0.2316 | 0.7343 | 0.5690 | 13.0331 | 95.5063 | 0.2657 | 0.2216 | 7.3893
89 | 43.3368 | 0.2588 | 0.6776 | 0.5613 | 1.1700 | 82.4944 | 0.3223 | 0.2267 | 7.2381 | 54.7097 | 0.2308 | 0.7347 | 0.5688 | 12.7377 | 93.5805 | 0.2652 | 0.2212 | 7.3881
90 | 42.6244 | 0.2583 | 0.6777 | 0.5611 | 1.1690 | 81.0718 | 0.3222 | 0.2258 | 7.2383 | 53.9925 | 0.2300 | 0.7352 | 0.5684 | 12.6164 | 92.2683 | 0.2647 | 0.2206 | 7.3893
91 | 41.6630 | 0.2578 | 0.6778 | 0.5612 | 1.1686 | 79.1501 | 0.3221 | 0.2250 | 7.2384 | 52.7006 | 0.2295 | 0.7352 | 0.5685 | 12.5413 | 89.7612 | 0.2647 | 0.2203 | 7.3862
92 | 39.4250 | 0.2573 | 0.6779 | 0.5610 | 1.1678 | 74.6759 | 0.3220 | 0.2243 | 7.2385 | 49.2313 | 0.2284 | 0.7350 | 0.5682 | 12.2867 | 83.0793 | 0.2649 | 0.2192 | 7.3928
93 | 35.0789 | 0.2568 | 0.6780 | 0.5600 | 1.1673 | 65.9870 | 0.3219 | 0.2237 | 7.2385 | 44.5849 | 0.2287 | 0.7350 | 0.5670 | 12.3971 | 73.6800 | 0.2649 | 0.2188 | 7.3812
94 | 29.2068 | 0.2565 | 0.6781 | 0.5583 | 1.1670 | 54.2468 | 0.3218 | 0.2233 | 7.2385 | 39.0337 | 0.2282 | 0.7349 | 0.5652 | 12.2732 | 62.7058 | 0.2649 | 0.2185 | 7.3836
95 | 23.3344 | 0.2564 | 0.6782 | 0.5563 | 1.1666 | 42.5064 | 0.3217 | 0.2230 | 7.2384 | 34.0019 | 0.2283 | 0.7350 | 0.5635 | 12.1743 | 52.7446 | 0.2649 | 0.2185 | 7.3807
96 | 18.7306 | 0.2566 | 0.6783 | 0.5540 | 1.1660 | 33.3031 | 0.3216 | 0.2229 | 7.2383 | 30.8519 | 0.2284 | 0.7353 | 0.5613 | 12.2146 | 46.4076 | 0.2645 | 0.2182 | 7.3821
97 | 16.2679 | 0.2568 | 0.6784 | 0.5518 | 1.1655 | 28.3825 | 0.3215 | 0.2228 | 7.2381 | 29.3007 | 0.2285 | 0.7353 | 0.5592 | 12.1067 | 43.4173 | 0.2646 | 0.2181 | 7.3820
98 | 15.2845 | 0.2570 | 0.6785 | 0.5499 | 1.1653 | 26.4188 | 0.3214 | 0.2226 | 7.2379 | 28.7200 | 0.2290 | 0.7352 | 0.5578 | 12.0911 | 42.2736 | 0.2647 | 0.2180 | 7.3798
99 | 14.9174 | 0.2573 | 0.6785 | 0.5489 | 1.1649 | 25.6866 | 0.3214 | 0.2226 | 7.2377 | 28.5551 | 0.2293 | 0.7352 | 0.5572 | 12.0923 | 41.9434 | 0.2646 | 0.2180 | 7.3795
100 | 14.8575 | 0.2574 | 0.6785 | 0.5484 | 1.1648 | 25.5676 | 0.3214 | 0.2226 | 7.2373 | 28.5411 | 0.2293 | 0.7353 | 0.5570 | 12.0818 | 41.9263 | 0.2646 | 0.2180 | 7.3793
epoch | loss | sim_loss | var_pred | var_target | cov_pred | cov_target | feat_std | feat_std_ctx | feat_norm | val_loss | val_sim_loss | val_var_pred | val_var_target | val_cov_pred | val_cov_target | val_feat_std | val_feat_std_ctx | val_feat_norm
1 | 31.7250 | 0.3854 | 0.7716 | 0.2851 | 1.3835 | 59.1686 | 0.2282 | 0.7390 | 5.2379 | 83.0154 | 0.3298 | 0.8941 | 0.2694 | 67.2896 | 95.7086 | 0.1054 | 0.7555 | 4.5276
2 | 9.9873 | 0.3924 | 0.7554 | 0.0886 | 1.2392 | 16.2483 | 0.2445 | 0.9005 | 5.2419 | 48.3737 | 0.3252 | 0.8643 | 0.1876 | 40.4649 | 53.4178 | 0.1354 | 0.8198 | 4.2569
3 | 7.8377 | 0.3825 | 0.7539 | 0.0774 | 1.2410 | 11.9912 | 0.2460 | 0.8546 | 5.2561 | 41.5621 | 0.3140 | 0.8284 | 0.1645 | 35.5249 | 44.9175 | 0.1714 | 0.7783 | 4.4424
4 | 7.1086 | 0.3758 | 0.7529 | 0.0708 | 1.2416 | 10.5609 | 0.2470 | 0.7747 | 5.2640 | 37.5706 | 0.3098 | 0.8041 | 0.1465 | 32.8696 | 39.7261 | 0.1957 | 0.6993 | 4.6924
5 | 6.7467 | 0.3721 | 0.7522 | 0.0670 | 1.2413 | 9.8537 | 0.2476 | 0.6743 | 5.2671 | 34.5666 | 0.3128 | 0.7906 | 0.1347 | 30.5995 | 36.0512 | 0.2092 | 0.5992 | 4.8783
6 | 6.5160 | 0.3696 | 0.7518 | 0.0670 | 1.2410 | 9.3985 | 0.2481 | 0.5636 | 5.2689 | 32.2110 | 0.3158 | 0.7849 | 0.1305 | 28.1970 | 33.7597 | 0.2149 | 0.4926 | 4.9722
7 | 6.3187 | 0.3670 | 0.7515 | 0.0691 | 1.2399 | 9.0064 | 0.2484 | 0.4543 | 5.2702 | 30.3206 | 0.3192 | 0.7828 | 0.1323 | 25.9878 | 32.1817 | 0.2170 | 0.3910 | 5.0295
8 | 6.0476 | 0.3647 | 0.7515 | 0.0746 | 1.2380 | 8.4599 | 0.2484 | 0.3568 | 5.2704 | 28.7412 | 0.3171 | 0.7775 | 0.1348 | 24.6464 | 30.3722 | 0.2223 | 0.3053 | 5.1110
9 | 5.7583 | 0.3622 | 0.7517 | 0.0854 | 1.2365 | 7.8659 | 0.2482 | 0.2787 | 5.2704 | 27.6417 | 0.3174 | 0.7751 | 0.1448 | 23.5359 | 29.2656 | 0.2248 | 0.2396 | 5.1716
10 | 5.4820 | 0.3586 | 0.7521 | 0.1018 | 1.2353 | 7.2881 | 0.2478 | 0.2231 | 5.2702 | 26.8199 | 0.3146 | 0.7744 | 0.1595 | 22.5871 | 28.5450 | 0.2254 | 0.1969 | 5.2155
11 | 5.2990 | 0.3548 | 0.7527 | 0.1231 | 1.2320 | 6.8891 | 0.2471 | 0.1889 | 5.2699 | 26.1050 | 0.3137 | 0.7765 | 0.1792 | 21.6721 | 27.9881 | 0.2233 | 0.1726 | 5.2158
12 | 5.1518 | 0.3510 | 0.7535 | 0.1449 | 1.2284 | 6.5608 | 0.2464 | 0.1713 | 5.2697 | 24.9685 | 0.3128 | 0.7782 | 0.1963 | 20.2592 | 27.0913 | 0.2216 | 0.1610 | 5.2290
13 | 5.0115 | 0.3480 | 0.7542 | 0.1618 | 1.2257 | 6.2536 | 0.2457 | 0.1634 | 5.2695 | 24.6244 | 0.3090 | 0.7785 | 0.2110 | 20.0925 | 26.5450 | 0.2213 | 0.1563 | 5.2539
14 | 4.9037 | 0.3452 | 0.7548 | 0.1796 | 1.2242 | 6.0083 | 0.2450 | 0.1601 | 5.2694 | 24.1990 | 0.3075 | 0.7796 | 0.2249 | 19.4871 | 26.2714 | 0.2202 | 0.1550 | 5.2679
15 | 4.8002 | 0.3426 | 0.7553 | 0.1957 | 1.2229 | 5.7746 | 0.2445 | 0.1599 | 5.2694 | 23.2570 | 0.3080 | 0.7812 | 0.2398 | 18.2744 | 25.5665 | 0.2185 | 0.1554 | 5.2601
16 | 4.6840 | 0.3396 | 0.7558 | 0.2104 | 1.2216 | 5.5191 | 0.2440 | 0.1614 | 5.2698 | 22.1933 | 0.3040 | 0.7811 | 0.2513 | 17.5711 | 24.1242 | 0.2187 | 0.1572 | 5.2908
17 | 4.6200 | 0.3370 | 0.7562 | 0.2254 | 1.2205 | 5.3665 | 0.2436 | 0.1630 | 5.2705 | 21.6919 | 0.3042 | 0.7826 | 0.2635 | 17.0411 | 23.6239 | 0.2171 | 0.1583 | 5.2902
18 | 4.5879 | 0.3352 | 0.7565 | 0.2387 | 1.2191 | 5.2800 | 0.2433 | 0.1645 | 5.2709 | 21.3240 | 0.3047 | 0.7830 | 0.2749 | 17.0157 | 22.8881 | 0.2167 | 0.1605 | 5.2960
19 | 4.6067 | 0.3333 | 0.7568 | 0.2520 | 1.2178 | 5.2956 | 0.2430 | 0.1664 | 5.2710 | 21.2149 | 0.3006 | 0.7838 | 0.2882 | 16.8198 | 22.8448 | 0.2159 | 0.1618 | 5.3051
20 | 4.7015 | 0.3317 | 0.7572 | 0.2656 | 1.2164 | 5.4617 | 0.2427 | 0.1680 | 5.2703 | 20.8172 | 0.3027 | 0.7850 | 0.3001 | 16.1118 | 22.7267 | 0.2148 | 0.1630 | 5.3100
21 | 4.8640 | 0.3300 | 0.7574 | 0.2784 | 1.2147 | 5.7658 | 0.2424 | 0.1700 | 5.2698 | 20.9019 | 0.2989 | 0.7858 | 0.3112 | 16.1143 | 22.8750 | 0.2139 | 0.1652 | 5.3283
22 | 5.0988 | 0.3284 | 0.7577 | 0.2898 | 1.2131 | 6.2168 | 0.2421 | 0.1721 | 5.2691 | 21.0628 | 0.3000 | 0.7867 | 0.3207 | 16.1879 | 23.1006 | 0.2130 | 0.1672 | 5.3275
23 | 5.4192 | 0.3270 | 0.7579 | 0.2998 | 1.2117 | 6.8415 | 0.2419 | 0.1743 | 5.2686 | 21.1928 | 0.2996 | 0.7876 | 0.3295 | 15.7993 | 23.7319 | 0.2121 | 0.1690 | 5.3126
24 | 5.9366 | 0.3256 | 0.7582 | 0.3089 | 1.2095 | 7.8626 | 0.2417 | 0.1769 | 5.2679 | 21.3862 | 0.3006 | 0.7875 | 0.3381 | 15.9343 | 23.9641 | 0.2122 | 0.1714 | 5.3172
25 | 6.3720 | 0.3241 | 0.7583 | 0.3192 | 1.2081 | 8.7172 | 0.2416 | 0.1796 | 5.2674 | 21.9709 | 0.2978 | 0.7885 | 0.3469 | 16.2052 | 24.8475 | 0.2112 | 0.1748 | 5.3260
26 | 6.8656 | 0.3231 | 0.7583 | 0.3276 | 1.2063 | 9.6912 | 0.2415 | 0.1828 | 5.2665 | 22.3551 | 0.2984 | 0.7893 | 0.3526 | 15.8956 | 25.9130 | 0.2103 | 0.1789 | 5.3124
27 | 7.7349 | 0.3217 | 0.7584 | 0.3348 | 1.2048 | 11.4198 | 0.2415 | 0.1861 | 5.2657 | 23.0694 | 0.2986 | 0.7905 | 0.3596 | 15.7759 | 27.4442 | 0.2092 | 0.1803 | 5.3149
28 | 8.2039 | 0.3205 | 0.7584 | 0.3419 | 1.2031 | 12.3478 | 0.2414 | 0.1889 | 5.2650 | 23.1328 | 0.2982 | 0.7909 | 0.3668 | 15.7149 | 27.6179 | 0.2087 | 0.1839 | 5.3122
29 | 8.6628 | 0.3191 | 0.7586 | 0.3502 | 1.2011 | 13.2533 | 0.2413 | 0.1920 | 5.2647 | 23.2230 | 0.2937 | 0.7920 | 0.3749 | 15.3419 | 28.1611 | 0.2076 | 0.1866 | 5.3211
30 | 9.4616 | 0.3184 | 0.7587 | 0.3575 | 1.1994 | 14.8392 | 0.2412 | 0.1950 | 5.2643 | 23.8515 | 0.2938 | 0.7929 | 0.3786 | 15.2675 | 29.4828 | 0.2067 | 0.1893 | 5.3225
31 | 10.2099 | 0.3182 | 0.7588 | 0.3605 | 1.1985 | 16.3308 | 0.2410 | 0.1978 | 5.2639 | 24.1792 | 0.2976 | 0.7927 | 0.3821 | 14.6412 | 30.7509 | 0.2069 | 0.1915 | 5.3152
32 | 10.9352 | 0.3178 | 0.7590 | 0.3634 | 1.1973 | 17.7774 | 0.2409 | 0.2001 | 5.2637 | 25.1847 | 0.2938 | 0.7940 | 0.3852 | 15.0033 | 32.3967 | 0.2057 | 0.1933 | 5.3317
33 | 11.7185 | 0.3179 | 0.7590 | 0.3673 | 1.1964 | 19.3368 | 0.2408 | 0.2024 | 5.2633 | 25.6984 | 0.2945 | 0.7939 | 0.3877 | 14.8217 | 33.5989 | 0.2057 | 0.1955 | 5.3375
34 | 12.5106 | 0.3174 | 0.7591 | 0.3703 | 1.1952 | 20.9170 | 0.2407 | 0.2038 | 5.2630 | 26.2992 | 0.2927 | 0.7945 | 0.3915 | 14.6969 | 34.9208 | 0.2051 | 0.1976 | 5.3326
35 | 12.9144 | 0.3175 | 0.7593 | 0.3714 | 1.1933 | 21.7238 | 0.2406 | 0.2054 | 5.2622 | 26.2532 | 0.2952 | 0.7949 | 0.3921 | 14.4329 | 35.0869 | 0.2046 | 0.1986 | 5.3232
36 | 13.4356 | 0.3177 | 0.7595 | 0.3739 | 1.1913 | 22.7625 | 0.2403 | 0.2066 | 5.2617 | 26.6315 | 0.2950 | 0.7951 | 0.3954 | 14.0978 | 36.1721 | 0.2045 | 0.1983 | 5.3227
37 | 14.0916 | 0.3172 | 0.7597 | 0.3774 | 1.1905 | 24.0690 | 0.2402 | 0.2074 | 5.2616 | 27.4183 | 0.2943 | 0.7960 | 0.3999 | 14.1538 | 37.6804 | 0.2035 | 0.2001 | 5.3217
38 | 15.1459 | 0.3170 | 0.7598 | 0.3809 | 1.1901 | 26.1711 | 0.2400 | 0.2075 | 5.2611 | 28.5358 | 0.2939 | 0.7967 | 0.4023 | 13.7715 | 40.2925 | 0.2029 | 0.1996 | 5.3215
39 | 16.0794 | 0.3172 | 0.7599 | 0.3833 | 1.1897 | 28.0331 | 0.2399 | 0.2076 | 5.2609 | 29.4975 | 0.2922 | 0.7961 | 0.4030 | 14.0741 | 41.9129 | 0.2035 | 0.2002 | 5.3498
40 | 16.6549 | 0.3174 | 0.7600 | 0.3853 | 1.1893 | 29.1800 | 0.2398 | 0.2074 | 5.2605 | 30.0007 | 0.2956 | 0.7958 | 0.4058 | 13.6322 | 43.3497 | 0.2038 | 0.2003 | 5.3431
41 | 17.2330 | 0.3172 | 0.7601 | 0.3877 | 1.1885 | 30.3324 | 0.2397 | 0.2077 | 5.2601 | 30.2789 | 0.2942 | 0.7967 | 0.4078 | 13.3861 | 44.1503 | 0.2029 | 0.2002 | 5.3377
42 | 17.7469 | 0.3167 | 0.7602 | 0.3910 | 1.1881 | 31.3546 | 0.2396 | 0.2075 | 5.2597 | 30.7463 | 0.2934 | 0.7972 | 0.4123 | 13.6205 | 44.8407 | 0.2024 | 0.1995 | 5.3482
43 | 18.6718 | 0.3164 | 0.7602 | 0.3950 | 1.1874 | 33.1976 | 0.2396 | 0.2075 | 5.2592 | 32.1877 | 0.2932 | 0.7972 | 0.4162 | 13.4193 | 47.9169 | 0.2024 | 0.2009 | 5.3526
44 | 19.3942 | 0.3158 | 0.7604 | 0.4004 | 1.1874 | 34.6327 | 0.2394 | 0.2072 | 5.2586 | 32.2253 | 0.2938 | 0.7973 | 0.4222 | 13.5270 | 47.8709 | 0.2023 | 0.2002 | 5.3528
45 | 20.3319 | 0.3153 | 0.7605 | 0.4059 | 1.1869 | 36.4983 | 0.2393 | 0.2067 | 5.2581 | 33.2041 | 0.2928 | 0.7978 | 0.4256 | 13.1119 | 50.2370 | 0.2018 | 0.1994 | 5.3587
46 | 21.3678 | 0.3147 | 0.7606 | 0.4097 | 1.1861 | 38.5644 | 0.2392 | 0.2065 | 5.2578 | 34.1870 | 0.2912 | 0.7983 | 0.4292 | 13.5730 | 51.7350 | 0.2012 | 0.1979 | 5.3676
47 | 21.6043 | 0.3138 | 0.7608 | 0.4147 | 1.1856 | 39.0294 | 0.2391 | 0.2058 | 5.2575 | 33.9277 | 0.2908 | 0.7976 | 0.4340 | 13.2103 | 51.5716 | 0.2019 | 0.1986 | 5.3700
48 | 21.9261 | 0.3131 | 0.7609 | 0.4193 | 1.1854 | 39.6655 | 0.2390 | 0.2054 | 5.2569 | 34.3913 | 0.2900 | 0.7982 | 0.4383 | 12.9608 | 52.7394 | 0.2014 | 0.1978 | 5.3742
49 | 22.6557 | 0.3126 | 0.7610 | 0.4231 | 1.1847 | 41.1187 | 0.2388 | 0.2051 | 5.2561 | 35.3017 | 0.2898 | 0.7983 | 0.4418 | 13.1647 | 54.3479 | 0.2012 | 0.1970 | 5.3831
50 | 22.8828 | 0.3116 | 0.7612 | 0.4270 | 1.1838 | 41.5676 | 0.2386 | 0.2046 | 5.2557 | 35.3944 | 0.2881 | 0.7997 | 0.4468 | 13.0714 | 54.6190 | 0.1999 | 0.1971 | 5.3731
51 | 23.1408 | 0.3109 | 0.7614 | 0.4325 | 1.1820 | 42.0753 | 0.2384 | 0.2041 | 5.2547 | 35.8363 | 0.2860 | 0.8005 | 0.4518 | 13.5487 | 55.0162 | 0.1991 | 0.1951 | 5.3843
52 | 23.5995 | 0.3100 | 0.7617 | 0.4386 | 1.1810 | 42.9827 | 0.2381 | 0.2031 | 5.2541 | 35.6209 | 0.2867 | 0.8006 | 0.4577 | 12.6176 | 55.5029 | 0.1990 | 0.1954 | 5.3859
53 | 24.5422 | 0.3094 | 0.7619 | 0.4450 | 1.1801 | 44.8571 | 0.2379 | 0.2024 | 5.2536 | 37.2006 | 0.2855 | 0.8008 | 0.4637 | 13.1349 | 58.1325 | 0.1987 | 0.1949 | 5.3997
54 | 25.4924 | 0.3083 | 0.7621 | 0.4504 | 1.1792 | 46.7495 | 0.2377 | 0.2016 | 5.2531 | 37.2555 | 0.2842 | 0.8016 | 0.4676 | 12.7070 | 58.6638 | 0.1979 | 0.1936 | 5.3977
55 | 26.1757 | 0.3075 | 0.7623 | 0.4553 | 1.1779 | 48.1085 | 0.2375 | 0.2011 | 5.2524 | 38.1607 | 0.2828 | 0.8026 | 0.4727 | 13.2320 | 59.9391 | 0.1969 | 0.1938 | 5.4021
56 | 26.7960 | 0.3066 | 0.7625 | 0.4595 | 1.1770 | 49.3434 | 0.2373 | 0.2005 | 5.2518 | 38.5788 | 0.2820 | 0.8026 | 0.4770 | 12.9503 | 61.0487 | 0.1969 | 0.1918 | 5.4075
57 | 27.3033 | 0.3059 | 0.7628 | 0.4640 | 1.1760 | 50.3507 | 0.2370 | 0.1998 | 5.2512 | 38.6407 | 0.2818 | 0.8036 | 0.4815 | 13.1519 | 60.9609 | 0.1959 | 0.1923 | 5.4042
58 | 27.6003 | 0.3054 | 0.7630 | 0.4683 | 1.1739 | 50.9389 | 0.2368 | 0.1991 | 5.2503 | 39.3880 | 0.2808 | 0.8038 | 0.4856 | 13.3385 | 62.2610 | 0.1957 | 0.1915 | 5.4104
59 | 27.9479 | 0.3044 | 0.7634 | 0.4724 | 1.1721 | 51.6291 | 0.2364 | 0.1983 | 5.2497 | 40.1587 | 0.2810 | 0.8042 | 0.4890 | 12.7849 | 64.3491 | 0.1952 | 0.1912 | 5.4051
60 | 29.5181 | 0.3040 | 0.7635 | 0.4762 | 1.1712 | 54.7635 | 0.2363 | 0.1973 | 5.2490 | 40.5745 | 0.2800 | 0.8039 | 0.4929 | 12.7283 | 65.2304 | 0.1956 | 0.1894 | 5.4139
61 | 29.8777 | 0.3036 | 0.7638 | 0.4790 | 1.1701 | 55.4785 | 0.2360 | 0.1964 | 5.2483 | 41.3767 | 0.2795 | 0.8045 | 0.4955 | 12.8413 | 66.7158 | 0.1950 | 0.1895 | 5.4177
62 | 30.0602 | 0.3030 | 0.7640 | 0.4812 | 1.1687 | 55.8414 | 0.2359 | 0.1955 | 5.2478 | 41.7668 | 0.2797 | 0.8056 | 0.4979 | 12.6560 | 67.6751 | 0.1939 | 0.1871 | 5.4103
63 | 30.2479 | 0.3025 | 0.7642 | 0.4837 | 1.1672 | 56.2137 | 0.2356 | 0.1944 | 5.2470 | 41.7040 | 0.2785 | 0.8060 | 0.5015 | 12.8938 | 67.3048 | 0.1935 | 0.1850 | 5.4183
64 | 30.4349 | 0.3018 | 0.7645 | 0.4866 | 1.1667 | 56.5834 | 0.2353 | 0.1935 | 5.2464 | 41.6332 | 0.2772 | 0.8057 | 0.5047 | 12.7038 | 67.3495 | 0.1938 | 0.1864 | 5.4193
65 | 30.7600 | 0.3009 | 0.7649 | 0.4902 | 1.1658 | 57.2282 | 0.2350 | 0.1927 | 5.2457 | 42.3543 | 0.2764 | 0.8072 | 0.5087 | 13.0021 | 68.4835 | 0.1923 | 0.1857 | 5.4224
66 | 30.9820 | 0.3000 | 0.7652 | 0.4933 | 1.1644 | 57.6687 | 0.2346 | 0.1919 | 5.2452 | 42.9537 | 0.2768 | 0.8077 | 0.5121 | 13.0584 | 69.6179 | 0.1918 | 0.1826 | 5.4194
67 | 31.8445 | 0.2994 | 0.7655 | 0.4967 | 1.1635 | 59.3888 | 0.2344 | 0.1908 | 5.2449 | 43.5883 | 0.2752 | 0.8071 | 0.5153 | 12.8953 | 71.0457 | 0.1924 | 0.1841 | 5.4319
68 | 32.2313 | 0.2985 | 0.7658 | 0.4994 | 1.1624 | 60.1590 | 0.2340 | 0.1899 | 5.2442 | 43.7234 | 0.2749 | 0.8083 | 0.5178 | 13.1478 | 71.0590 | 0.1911 | 0.1825 | 5.4190
69 | 32.4997 | 0.2977 | 0.7660 | 0.5017 | 1.1612 | 60.6939 | 0.2339 | 0.1891 | 5.2438 | 44.2153 | 0.2731 | 0.8080 | 0.5205 | 13.0558 | 72.1327 | 0.1915 | 0.1815 | 5.4253
70 | 32.5346 | 0.2967 | 0.7662 | 0.5045 | 1.1600 | 60.7609 | 0.2336 | 0.1881 | 5.2428 | 44.1486 | 0.2727 | 0.8084 | 0.5231 | 13.0825 | 71.9684 | 0.1910 | 0.1804 | 5.4187
71 | 32.5502 | 0.2955 | 0.7664 | 0.5071 | 1.1591 | 60.7898 | 0.2335 | 0.1874 | 5.2421 | 43.9890 | 0.2710 | 0.8087 | 0.5264 | 13.1885 | 71.5379 | 0.1907 | 0.1804 | 5.4280
72 | 32.5204 | 0.2943 | 0.7664 | 0.5099 | 1.1575 | 60.7286 | 0.2334 | 0.1863 | 5.2419 | 44.4719 | 0.2706 | 0.8092 | 0.5286 | 13.3106 | 72.3789 | 0.1903 | 0.1777 | 5.4162
73 | 32.8661 | 0.2934 | 0.7666 | 0.5125 | 1.1568 | 61.4172 | 0.2333 | 0.1853 | 5.2413 | 44.8911 | 0.2690 | 0.8094 | 0.5313 | 13.2668 | 73.2597 | 0.1900 | 0.1794 | 5.4094
74 | 33.0861 | 0.2922 | 0.7668 | 0.5154 | 1.1558 | 61.8543 | 0.2331 | 0.1844 | 5.2407 | 44.5831 | 0.2693 | 0.8093 | 0.5343 | 13.2850 | 72.6200 | 0.1901 | 0.1781 | 5.4055
75 | 32.6333 | 0.2914 | 0.7668 | 0.5181 | 1.1551 | 60.9455 | 0.2330 | 0.1832 | 5.2400 | 44.7009 | 0.2675 | 0.8100 | 0.5367 | 13.1290 | 73.0072 | 0.1895 | 0.1762 | 5.4164
76 | 32.6187 | 0.2905 | 0.7669 | 0.5203 | 1.1542 | 60.9147 | 0.2329 | 0.1820 | 5.2395 | 45.0860 | 0.2671 | 0.8107 | 0.5378 | 13.5682 | 73.3358 | 0.1887 | 0.1763 | 5.4131
77 | 32.8602 | 0.2899 | 0.7671 | 0.5218 | 1.1532 | 61.3965 | 0.2327 | 0.1810 | 5.2392 | 45.3628 | 0.2678 | 0.8107 | 0.5403 | 13.5754 | 73.8779 | 0.1888 | 0.1722 | 5.4015
78 | 32.8357 | 0.2893 | 0.7673 | 0.5242 | 1.1523 | 61.3442 | 0.2325 | 0.1799 | 5.2388 | 45.3547 | 0.2666 | 0.8109 | 0.5421 | 13.5428 | 73.8917 | 0.1886 | 0.1741 | 5.4065
79 | 32.9236 | 0.2887 | 0.7675 | 0.5256 | 1.1518 | 61.5188 | 0.2324 | 0.1787 | 5.2386 | 45.5488 | 0.2662 | 0.8112 | 0.5436 | 13.6456 | 74.1742 | 0.1882 | 0.1706 | 5.4072
80 | 33.0365 | 0.2882 | 0.7676 | 0.5272 | 1.1512 | 61.7427 | 0.2322 | 0.1777 | 5.2383 | 45.4668 | 0.2653 | 0.8115 | 0.5450 | 13.4090 | 74.2461 | 0.1879 | 0.1705 | 5.4023
81 | 33.0300 | 0.2876 | 0.7678 | 0.5287 | 1.1507 | 61.7281 | 0.2321 | 0.1767 | 5.2381 | 45.4093 | 0.2654 | 0.8113 | 0.5458 | 13.2562 | 74.2818 | 0.1881 | 0.1714 | 5.4054
82 | 33.0499 | 0.2872 | 0.7679 | 0.5297 | 1.1501 | 61.7668 | 0.2319 | 0.1758 | 5.2379 | 45.9551 | 0.2655 | 0.8130 | 0.5465 | 13.6356 | 74.9914 | 0.1864 | 0.1683 | 5.3917
83 | 32.7338 | 0.2868 | 0.7681 | 0.5308 | 1.1494 | 61.1338 | 0.2317 | 0.1751 | 5.2377 | 45.2732 | 0.2640 | 0.8118 | 0.5480 | 13.6018 | 73.6609 | 0.1876 | 0.1697 | 5.4099
84 | 32.3376 | 0.2862 | 0.7682 | 0.5324 | 1.1485 | 60.3399 | 0.2316 | 0.1743 | 5.2378 | 44.8142 | 0.2641 | 0.8124 | 0.5490 | 13.4674 | 72.8756 | 0.1870 | 0.1686 | 5.3989
85 | 31.9901 | 0.2858 | 0.7684 | 0.5337 | 1.1478 | 59.6435 | 0.2314 | 0.1735 | 5.2375 | 44.2775 | 0.2631 | 0.8122 | 0.5501 | 13.4969 | 71.7706 | 0.1872 | 0.1659 | 5.4112
86 | 31.5482 | 0.2855 | 0.7686 | 0.5344 | 1.1473 | 58.7589 | 0.2312 | 0.1728 | 5.2375 | 43.9511 | 0.2626 | 0.8121 | 0.5512 | 13.3383 | 71.2744 | 0.1873 | 0.1674 | 5.4165
87 | 31.2068 | 0.2852 | 0.7687 | 0.5350 | 1.1467 | 58.0759 | 0.2311 | 0.1722 | 5.2375 | 43.8832 | 0.2621 | 0.8123 | 0.5516 | 13.3406 | 71.1355 | 0.1871 | 0.1665 | 5.4210
88 | 30.7314 | 0.2849 | 0.7689 | 0.5359 | 1.1460 | 57.1241 | 0.2310 | 0.1717 | 5.2374 | 43.6011 | 0.2620 | 0.8123 | 0.5524 | 13.4725 | 70.4386 | 0.1871 | 0.1665 | 5.4166
89 | 30.0514 | 0.2845 | 0.7690 | 0.5367 | 1.1454 | 55.7638 | 0.2308 | 0.1710 | 5.2375 | 42.7643 | 0.2612 | 0.8123 | 0.5528 | 13.2744 | 68.9628 | 0.1871 | 0.1661 | 5.4230
90 | 29.0005 | 0.2842 | 0.7691 | 0.5370 | 1.1451 | 53.6621 | 0.2307 | 0.1706 | 5.2374 | 41.4949 | 0.2607 | 0.8126 | 0.5533 | 13.2901 | 66.4068 | 0.1868 | 0.1651 | 5.4274
91 | 27.6232 | 0.2839 | 0.7692 | 0.5374 | 1.1446 | 50.9075 | 0.2306 | 0.1701 | 5.2373 | 39.6410 | 0.2607 | 0.8122 | 0.5535 | 13.1820 | 62.8088 | 0.1872 | 0.1652 | 5.4192
92 | 25.6444 | 0.2836 | 0.7693 | 0.5371 | 1.1440 | 46.9515 | 0.2305 | 0.1699 | 5.2374 | 37.7300 | 0.2606 | 0.8130 | 0.5526 | 13.2479 | 58.9214 | 0.1864 | 0.1647 | 5.4196
93 | 23.2729 | 0.2835 | 0.7695 | 0.5361 | 1.1435 | 42.2108 | 0.2304 | 0.1696 | 5.2376 | 35.7926 | 0.2601 | 0.8127 | 0.5518 | 13.1390 | 55.1582 | 0.1867 | 0.1643 | 5.4217
94 | 21.2119 | 0.2833 | 0.7696 | 0.5352 | 1.1431 | 38.0911 | 0.2302 | 0.1694 | 5.2376 | 34.1782 | 0.2601 | 0.8127 | 0.5510 | 13.1182 | 51.9515 | 0.1867 | 0.1645 | 5.4248
95 | 19.8215 | 0.2834 | 0.7697 | 0.5336 | 1.1427 | 35.3137 | 0.2301 | 0.1693 | 5.2374 | 33.1284 | 0.2603 | 0.8125 | 0.5493 | 13.0214 | 49.9525 | 0.1869 | 0.1642 | 5.4232
96 | 18.7955 | 0.2835 | 0.7698 | 0.5320 | 1.1422 | 33.2650 | 0.2300 | 0.1691 | 5.2375 | 32.3514 | 0.2601 | 0.8127 | 0.5476 | 13.1186 | 48.3041 | 0.1867 | 0.1643 | 5.4252
97 | 18.0541 | 0.2835 | 0.7699 | 0.5305 | 1.1419 | 31.7852 | 0.2299 | 0.1690 | 5.2374 | 31.8862 | 0.2602 | 0.8127 | 0.5465 | 13.0488 | 47.4459 | 0.1867 | 0.1641 | 5.4232
98 | 17.6056 | 0.2835 | 0.7699 | 0.5295 | 1.1413 | 30.8907 | 0.2299 | 0.1689 | 5.2375 | 31.6497 | 0.2602 | 0.8128 | 0.5457 | 13.0427 | 46.9803 | 0.1866 | 0.1642 | 5.4231
99 | 17.4396 | 0.2835 | 0.7700 | 0.5288 | 1.1415 | 30.5598 | 0.2298 | 0.1689 | 5.2373 | 31.5166 | 0.2603 | 0.8128 | 0.5452 | 13.0460 | 46.7116 | 0.1866 | 0.1641 | 5.4241
100 | 17.3849 | 0.2835 | 0.7700 | 0.5285 | 1.1412 | 30.4511 | 0.2298 | 0.1689 | 5.2372 | 31.4729 | 0.2603 | 0.8128 | 0.5450 | 13.0118 | 46.6589 | 0.1866 | 0.1641 | 5.4235
epoch | loss | sim_loss | var_pred | var_target | cov_pred | cov_target | feat_std | feat_std_ctx | feat_norm | val_loss | val_sim_loss | val_var_pred | val_var_target | val_cov_pred | val_cov_target | val_feat_std | val_feat_std_ctx | val_feat_norm
1 | 30.0615 | 0.3870 | 0.7261 | 0.2519 | 1.3857 | 55.9949 | 0.2738 | 0.7809 | 6.2220 | 61.7646 | 0.3100 | 0.8384 | 0.2173 | 53.4105 | 67.0128 | 0.1613 | 0.8377 | 4.6280
2 | 8.5575 | 0.3845 | 0.7072 | 0.0759 | 1.2410 | 13.5240 | 0.2927 | 0.9250 | 6.2382 | 41.3644 | 0.2996 | 0.8001 | 0.1600 | 34.9443 | 45.0693 | 0.1996 | 0.8625 | 5.0370
3 | 7.0003 | 0.3716 | 0.7057 | 0.0634 | 1.2432 | 10.4602 | 0.2942 | 0.8786 | 6.2535 | 37.2830 | 0.2926 | 0.7687 | 0.1444 | 31.3600 | 40.7292 | 0.2312 | 0.8075 | 5.4939
4 | 6.5688 | 0.3637 | 0.7049 | 0.0597 | 1.2441 | 9.6215 | 0.2950 | 0.7940 | 6.2610 | 34.9843 | 0.2905 | 0.7520 | 0.1337 | 30.0508 | 37.5475 | 0.2479 | 0.7180 | 5.7811
5 | 6.2664 | 0.3583 | 0.7043 | 0.0586 | 1.2444 | 9.0304 | 0.2956 | 0.6866 | 6.2646 | 31.3326 | 0.2917 | 0.7398 | 0.1229 | 27.1540 | 33.1972 | 0.2601 | 0.6112 | 5.9565
6 | 5.9853 | 0.3541 | 0.7038 | 0.0602 | 1.2433 | 8.4754 | 0.2961 | 0.5698 | 6.2670 | 28.9830 | 0.2942 | 0.7342 | 0.1193 | 25.0159 | 30.6510 | 0.2657 | 0.4980 | 6.0539
7 | 5.7187 | 0.3509 | 0.7037 | 0.0648 | 1.2422 | 7.9408 | 0.2962 | 0.4548 | 6.2680 | 26.5156 | 0.2952 | 0.7308 | 0.1204 | 22.5927 | 28.1401 | 0.2691 | 0.3911 | 6.1136
8 | 5.4490 | 0.3478 | 0.7039 | 0.0738 | 1.2407 | 7.3906 | 0.2960 | 0.3527 | 6.2682 | 25.0179 | 0.2955 | 0.7296 | 0.1289 | 21.3050 | 26.4156 | 0.2702 | 0.3008 | 6.1582
9 | 5.1889 | 0.3449 | 0.7045 | 0.0888 | 1.2386 | 6.8472 | 0.2954 | 0.2729 | 6.2680 | 23.5365 | 0.2953 | 0.7287 | 0.1415 | 19.8244 | 24.9081 | 0.2712 | 0.2358 | 6.1967
10 | 5.0095 | 0.3415 | 0.7055 | 0.1097 | 1.2373 | 6.4530 | 0.2944 | 0.2185 | 6.2677 | 23.1791 | 0.2944 | 0.7298 | 0.1610 | 19.3401 | 24.6367 | 0.2701 | 0.1933 | 6.2178
11 | 4.8576 | 0.3376 | 0.7064 | 0.1321 | 1.2359 | 6.1115 | 0.2935 | 0.1862 | 6.2675 | 22.5128 | 0.2929 | 0.7296 | 0.1808 | 18.4170 | 24.1888 | 0.2702 | 0.1716 | 6.2438
12 | 4.7051 | 0.3346 | 0.7072 | 0.1503 | 1.2326 | 5.7778 | 0.2927 | 0.1712 | 6.2675 | 21.8211 | 0.2929 | 0.7319 | 0.1940 | 17.7586 | 23.4322 | 0.2679 | 0.1624 | 6.2504
13 | 4.5431 | 0.3321 | 0.7079 | 0.1658 | 1.2299 | 5.4292 | 0.2920 | 0.1652 | 6.2676 | 21.1346 | 0.2911 | 0.7337 | 0.2053 | 17.1565 | 22.6371 | 0.2662 | 0.1596 | 6.2668
14 | 4.4398 | 0.3307 | 0.7085 | 0.1763 | 1.2280 | 5.2051 | 0.2914 | 0.1639 | 6.2676 | 21.0380 | 0.2927 | 0.7355 | 0.2134 | 17.0891 | 22.4882 | 0.2643 | 0.1594 | 6.2653
15 | 4.3633 | 0.3290 | 0.7089 | 0.1875 | 1.2263 | 5.0337 | 0.2910 | 0.1648 | 6.2681 | 20.9149 | 0.2881 | 0.7371 | 0.2248 | 17.0956 | 22.2185 | 0.2627 | 0.1610 | 6.2667
16 | 4.2963 | 0.3271 | 0.7092 | 0.1999 | 1.2258 | 4.8786 | 0.2907 | 0.1669 | 6.2683 | 20.7114 | 0.2896 | 0.7383 | 0.2360 | 16.8626 | 22.0156 | 0.2615 | 0.1630 | 6.2810
17 | 4.2501 | 0.3252 | 0.7097 | 0.2130 | 1.2245 | 4.7642 | 0.2902 | 0.1691 | 6.2682 | 20.6600 | 0.2861 | 0.7394 | 0.2479 | 16.6869 | 22.0690 | 0.2604 | 0.1650 | 6.2832
18 | 4.2160 | 0.3230 | 0.7101 | 0.2271 | 1.2236 | 4.6724 | 0.2898 | 0.1711 | 6.2682 | 20.4923 | 0.2860 | 0.7406 | 0.2610 | 16.6792 | 21.7122 | 0.2592 | 0.1667 | 6.2900
19 | 4.2170 | 0.3213 | 0.7105 | 0.2414 | 1.2220 | 4.6500 | 0.2894 | 0.1731 | 6.2678 | 20.3199 | 0.2826 | 0.7421 | 0.2749 | 16.6918 | 21.3301 | 0.2576 | 0.1691 | 6.2957
20 | 4.2906 | 0.3189 | 0.7107 | 0.2570 | 1.2208 | 4.7715 | 0.2892 | 0.1757 | 6.2675 | 20.1718 | 0.2826 | 0.7435 | 0.2895 | 16.2690 | 21.4238 | 0.2563 | 0.1718 | 6.3010
21 | 4.4156 | 0.3168 | 0.7111 | 0.2717 | 1.2201 | 4.9961 | 0.2888 | 0.1782 | 6.2669 | 19.9263 | 0.2818 | 0.7447 | 0.3020 | 15.9047 | 21.2716 | 0.2551 | 0.1740 | 6.2986
22 | 4.6190 | 0.3148 | 0.7114 | 0.2861 | 1.2187 | 5.3789 | 0.2885 | 0.1808 | 6.2662 | 19.9970 | 0.2807 | 0.7460 | 0.3153 | 15.9183 | 21.3729 | 0.2537 | 0.1765 | 6.2944
23 | 4.7414 | 0.3132 | 0.7117 | 0.2987 | 1.2174 | 5.6026 | 0.2882 | 0.1831 | 6.2656 | 20.2359 | 0.2808 | 0.7472 | 0.3264 | 16.1296 | 21.6147 | 0.2526 | 0.1787 | 6.2925
24 | 4.9464 | 0.3116 | 0.7117 | 0.3108 | 1.2162 | 5.9928 | 0.2882 | 0.1862 | 6.2651 | 20.5011 | 0.2800 | 0.7483 | 0.3370 | 16.2351 | 22.0172 | 0.2514 | 0.1813 | 6.2994
25 | 5.3817 | 0.3102 | 0.7118 | 0.3209 | 1.2150 | 6.8471 | 0.2881 | 0.1893 | 6.2646 | 20.8358 | 0.2772 | 0.7486 | 0.3471 | 16.1486 | 22.7565 | 0.2511 | 0.1848 | 6.3114
26 | 5.7396 | 0.3086 | 0.7119 | 0.3292 | 1.2145 | 7.5497 | 0.2880 | 0.1928 | 6.2642 | 21.4225 | 0.2770 | 0.7497 | 0.3546 | 16.4845 | 23.5766 | 0.2501 | 0.1887 | 6.3162
27 | 6.3303 | 0.3075 | 0.7120 | 0.3364 | 1.2139 | 8.7193 | 0.2879 | 0.1972 | 6.2637 | 21.6370 | 0.2784 | 0.7494 | 0.3608 | 15.9906 | 24.4853 | 0.2504 | 0.1927 | 6.3126
28 | 6.9943 | 0.3066 | 0.7121 | 0.3421 | 1.2134 | 10.0382 | 0.2878 | 0.2017 | 6.2634 | 22.2148 | 0.2735 | 0.7509 | 0.3654 | 16.2837 | 25.3424 | 0.2488 | 0.1984 | 6.3354
29 | 7.5844 | 0.3061 | 0.7121 | 0.3458 | 1.2132 | 11.2122 | 0.2877 | 0.2070 | 6.2632 | 22.7354 | 0.2756 | 0.7515 | 0.3678 | 16.3778 | 26.2789 | 0.2483 | 0.2012 | 6.3365
30 | 7.8689 | 0.3056 | 0.7121 | 0.3482 | 1.2133 | 11.7773 | 0.2878 | 0.2110 | 6.2631 | 22.4089 | 0.2746 | 0.7511 | 0.3693 | 16.0073 | 25.9951 | 0.2486 | 0.2060 | 6.3454
31 | 8.0135 | 0.3050 | 0.7121 | 0.3509 | 1.2128 | 12.0626 | 0.2878 | 0.2152 | 6.2632 | 22.7316 | 0.2754 | 0.7516 | 0.3727 | 15.8578 | 26.7817 | 0.2482 | 0.2089 | 6.3375
32 | 8.5692 | 0.3049 | 0.7121 | 0.3541 | 1.2125 | 13.1683 | 0.2878 | 0.2191 | 6.2632 | 23.8898 | 0.2746 | 0.7524 | 0.3748 | 16.5068 | 28.4424 | 0.2473 | 0.2141 | 6.3548
33 | 8.8841 | 0.3051 | 0.7122 | 0.3562 | 1.2113 | 13.7945 | 0.2877 | 0.2231 | 6.2632 | 23.9000 | 0.2764 | 0.7520 | 0.3746 | 16.4048 | 28.5639 | 0.2478 | 0.2174 | 6.3451
34 | 9.3982 | 0.3047 | 0.7123 | 0.3567 | 1.2110 | 14.8224 | 0.2876 | 0.2269 | 6.2634 | 24.5843 | 0.2744 | 0.7527 | 0.3749 | 16.0468 | 30.2916 | 0.2470 | 0.2216 | 6.3507
35 | 9.8800 | 0.3048 | 0.7124 | 0.3580 | 1.2105 | 15.7835 | 0.2875 | 0.2309 | 6.2635 | 24.7449 | 0.2742 | 0.7527 | 0.3770 | 16.1782 | 30.4773 | 0.2470 | 0.2249 | 6.3533
36 | 10.3617 | 0.3048 | 0.7124 | 0.3598 | 1.2104 | 16.7434 | 0.2875 | 0.2344 | 6.2635 | 25.2291 | 0.2758 | 0.7535 | 0.3780 | 16.0221 | 31.5965 | 0.2462 | 0.2284 | 6.3439
37 | 11.3393 | 0.3046 | 0.7123 | 0.3598 | 1.2097 | 18.6997 | 0.2875 | 0.2378 | 6.2637 | 25.8779 | 0.2737 | 0.7530 | 0.3785 | 15.6221 | 33.2951 | 0.2467 | 0.2315 | 6.3657
38 | 12.1581 | 0.3049 | 0.7124 | 0.3597 | 1.2095 | 20.3370 | 0.2875 | 0.2406 | 6.2637 | 26.4747 | 0.2757 | 0.7528 | 0.3771 | 15.5192 | 34.5940 | 0.2469 | 0.2337 | 6.3432
39 | 12.9578 | 0.3051 | 0.7124 | 0.3586 | 1.2101 | 21.9376 | 0.2875 | 0.2428 | 6.2635 | 26.7524 | 0.2738 | 0.7525 | 0.3771 | 15.1644 | 35.5069 | 0.2472 | 0.2370 | 6.3559
40 | 13.2769 | 0.3047 | 0.7124 | 0.3602 | 1.2098 | 22.5736 | 0.2875 | 0.2449 | 6.2635 | 26.7535 | 0.2756 | 0.7521 | 0.3784 | 14.2839 | 36.3852 | 0.2475 | 0.2376 | 6.3497
41 | 13.8612 | 0.3043 | 0.7125 | 0.3616 | 1.2091 | 23.7408 | 0.2874 | 0.2465 | 6.2636 | 27.7771 | 0.2745 | 0.7520 | 0.3789 | 14.4714 | 38.2445 | 0.2476 | 0.2398 | 6.3607
42 | 14.6581 | 0.3040 | 0.7126 | 0.3639 | 1.2093 | 25.3302 | 0.2873 | 0.2478 | 6.2636 | 27.9045 | 0.2725 | 0.7528 | 0.3809 | 14.5078 | 38.4600 | 0.2468 | 0.2403 | 6.3688
43 | 14.7642 | 0.3038 | 0.7126 | 0.3664 | 1.2087 | 25.5384 | 0.2873 | 0.2492 | 6.2635 | 27.2225 | 0.2737 | 0.7517 | 0.3840 | 13.5640 | 38.0350 | 0.2480 | 0.2412 | 6.3599
44 | 15.6304 | 0.3033 | 0.7127 | 0.3694 | 1.2081 | 27.2662 | 0.2872 | 0.2498 | 6.2632 | 28.8134 | 0.2730 | 0.7527 | 0.3861 | 13.8631 | 40.9114 | 0.2470 | 0.2427 | 6.3686
45 | 16.3187 | 0.3025 | 0.7128 | 0.3725 | 1.2069 | 28.6392 | 0.2871 | 0.2506 | 6.2632 | 28.9383 | 0.2703 | 0.7539 | 0.3890 | 13.7942 | 41.2273 | 0.2458 | 0.2437 | 6.3669
46 | 16.7455 | 0.3018 | 0.7130 | 0.3753 | 1.2066 | 29.4887 | 0.2869 | 0.2516 | 6.2631 | 28.6628 | 0.2715 | 0.7537 | 0.3906 | 13.4695 | 40.9953 | 0.2460 | 0.2440 | 6.3714
47 | 16.9187 | 0.3014 | 0.7129 | 0.3793 | 1.2062 | 29.8282 | 0.2869 | 0.2523 | 6.2628 | 29.1379 | 0.2696 | 0.7536 | 0.3953 | 13.2218 | 42.1878 | 0.2461 | 0.2451 | 6.3715
48 | 17.6032 | 0.3006 | 0.7131 | 0.3838 | 1.2057 | 31.1897 | 0.2867 | 0.2534 | 6.2625 | 29.1156 | 0.2713 | 0.7539 | 0.3989 | 13.0342 | 42.3184 | 0.2458 | 0.2459 | 6.3780
49 | 17.8168 | 0.3003 | 0.7132 | 0.3888 | 1.2049 | 31.6085 | 0.2867 | 0.2537 | 6.2623 | 29.2684 | 0.2698 | 0.7553 | 0.4040 | 12.8398 | 42.8096 | 0.2444 | 0.2463 | 6.3715
50 | 18.4872 | 0.3000 | 0.7135 | 0.3939 | 1.2033 | 32.9407 | 0.2864 | 0.2542 | 6.2618 | 29.9452 | 0.2696 | 0.7556 | 0.4082 | 12.8032 | 44.1923 | 0.2441 | 0.2462 | 6.3653
51 | 18.9233 | 0.2996 | 0.7137 | 0.3981 | 1.2022 | 33.8059 | 0.2862 | 0.2540 | 6.2614 | 30.4125 | 0.2703 | 0.7562 | 0.4130 | 12.5698 | 45.3469 | 0.2435 | 0.2457 | 6.3721
52 | 19.7492 | 0.2993 | 0.7138 | 0.4025 | 1.2014 | 35.4502 | 0.2861 | 0.2535 | 6.2610 | 31.4543 | 0.2687 | 0.7561 | 0.4158 | 12.4254 | 47.5708 | 0.2435 | 0.2460 | 6.3820
53 | 20.1401 | 0.2991 | 0.7139 | 0.4065 | 1.2006 | 36.2249 | 0.2859 | 0.2529 | 6.2605 | 31.7574 | 0.2691 | 0.7568 | 0.4198 | 12.5745 | 48.0185 | 0.2428 | 0.2441 | 6.3784
54 | 20.8121 | 0.2984 | 0.7141 | 0.4101 | 1.1996 | 37.5637 | 0.2858 | 0.2526 | 6.2603 | 31.9757 | 0.2689 | 0.7564 | 0.4232 | 12.3385 | 48.6849 | 0.2433 | 0.2436 | 6.3844
55 | 21.2063 | 0.2979 | 0.7142 | 0.4127 | 1.1990 | 38.3486 | 0.2857 | 0.2516 | 6.2600 | 32.9736 | 0.2677 | 0.7563 | 0.4265 | 12.2618 | 50.7542 | 0.2434 | 0.2437 | 6.3790
56 | 22.2236 | 0.2976 | 0.7143 | 0.4150 | 1.1985 | 40.3793 | 0.2855 | 0.2507 | 6.2594 | 34.5192 | 0.2683 | 0.7565 | 0.4301 | 12.3629 | 53.7345 | 0.2432 | 0.2414 | 6.3831
57 | 22.6911 | 0.2970 | 0.7145 | 0.4174 | 1.1977 | 41.3112 | 0.2854 | 0.2491 | 6.2589 | 34.9857 | 0.2664 | 0.7572 | 0.4335 | 12.4362 | 54.5890 | 0.2425 | 0.2412 | 6.3883
58 | 22.8461 | 0.2966 | 0.7146 | 0.4208 | 1.1968 | 41.6161 | 0.2853 | 0.2478 | 6.2579 | 35.8257 | 0.2664 | 0.7568 | 0.4386 | 12.5200 | 56.1746 | 0.2429 | 0.2396 | 6.3961
59 | 23.4221 | 0.2957 | 0.7149 | 0.4264 | 1.1958 | 42.7589 | 0.2850 | 0.2464 | 6.2573 | 36.1276 | 0.2655 | 0.7568 | 0.4441 | 12.2860 | 57.0033 | 0.2429 | 0.2381 | 6.3956
60 | 24.2660 | 0.2951 | 0.7150 | 0.4316 | 1.1950 | 44.4383 | 0.2849 | 0.2451 | 6.2566 | 37.1595 | 0.2650 | 0.7574 | 0.4498 | 12.2403 | 59.1022 | 0.2423 | 0.2358 | 6.3897
61 | 25.1307 | 0.2943 | 0.7153 | 0.4372 | 1.1939 | 46.1587 | 0.2846 | 0.2431 | 6.2558 | 38.8696 | 0.2662 | 0.7566 | 0.4550 | 11.8863 | 62.8642 | 0.2431 | 0.2355 | 6.3959
62 | 26.1775 | 0.2937 | 0.7154 | 0.4418 | 1.1933 | 48.2446 | 0.2845 | 0.2417 | 6.2552 | 39.4265 | 0.2646 | 0.7570 | 0.4593 | 12.1815 | 63.6765 | 0.2427 | 0.2335 | 6.3969
63 | 26.9539 | 0.2926 | 0.7157 | 0.4454 | 1.1925 | 49.7928 | 0.2842 | 0.2398 | 6.2545 | 39.8978 | 0.2641 | 0.7575 | 0.4633 | 12.3028 | 64.4881 | 0.2422 | 0.2313 | 6.4052
64 | 27.2516 | 0.2919 | 0.7159 | 0.4492 | 1.1912 | 50.3827 | 0.2840 | 0.2385 | 6.2538 | 40.0726 | 0.2621 | 0.7581 | 0.4677 | 12.2781 | 64.8570 | 0.2416 | 0.2289 | 6.3999
65 | 27.5499 | 0.2903 | 0.7161 | 0.4541 | 1.1900 | 50.9738 | 0.2838 | 0.2369 | 6.2532 | 39.6728 | 0.2607 | 0.7587 | 0.4722 | 12.2162 | 64.1116 | 0.2410 | 0.2293 | 6.4008
66 | 27.9600 | 0.2892 | 0.7163 | 0.4583 | 1.1889 | 51.7885 | 0.2835 | 0.2352 | 6.2525 | 40.5420 | 0.2617 | 0.7589 | 0.4761 | 12.0830 | 65.9735 | 0.2407 | 0.2276 | 6.3978
67 | 29.0268 | 0.2880 | 0.7166 | 0.4626 | 1.1869 | 53.9176 | 0.2833 | 0.2338 | 6.2519 | 41.3571 | 0.2588 | 0.7597 | 0.4805 | 12.2263 | 67.4541 | 0.2400 | 0.2257 | 6.4076
68 | 29.8807 | 0.2865 | 0.7169 | 0.4660 | 1.1853 | 55.6226 | 0.2830 | 0.2324 | 6.2513 | 42.6902 | 0.2597 | 0.7597 | 0.4832 | 12.2631 | 70.0773 | 0.2400 | 0.2246 | 6.4037
69 | 30.5756 | 0.2856 | 0.7170 | 0.4685 | 1.1839 | 57.0105 | 0.2829 | 0.2311 | 6.2506 | 42.4904 | 0.2586 | 0.7599 | 0.4855 | 12.3664 | 69.5693 | 0.2398 | 0.2232 | 6.4141
70 | 30.5226 | 0.2845 | 0.7173 | 0.4712 | 1.1822 | 56.9023 | 0.2826 | 0.2300 | 6.2501 | 43.5393 | 0.2572 | 0.7599 | 0.4885 | 12.5364 | 71.4947 | 0.2398 | 0.2224 | 6.4109
71 | 31.3379 | 0.2835 | 0.7176 | 0.4737 | 1.1808 | 58.5308 | 0.2823 | 0.2290 | 6.2495 | 43.1426 | 0.2573 | 0.7601 | 0.4908 | 12.4064 | 70.8265 | 0.2396 | 0.2224 | 6.4085
72 | 31.7016 | 0.2826 | 0.7177 | 0.4759 | 1.1795 | 59.2566 | 0.2822 | 0.2276 | 6.2490 | 42.9096 | 0.2558 | 0.7610 | 0.4929 | 12.4143 | 70.3493 | 0.2387 | 0.2209 | 6.4101
73 | 31.8027 | 0.2817 | 0.7180 | 0.4781 | 1.1781 | 59.4573 | 0.2819 | 0.2261 | 6.2485 | 43.9360 | 0.2548 | 0.7618 | 0.4951 | 12.4708 | 72.3404 | 0.2378 | 0.2184 | 6.4140
74 | 31.6694 | 0.2806 | 0.7182 | 0.4805 | 1.1770 | 59.1886 | 0.2817 | 0.2247 | 6.2481 | 43.7387 | 0.2540 | 0.7618 | 0.4977 | 12.6791 | 71.7338 | 0.2378 | 0.2160 | 6.4165
75 | 31.8706 | 0.2798 | 0.7185 | 0.4831 | 1.1760 | 59.5880 | 0.2814 | 0.2230 | 6.2479 | 43.4483 | 0.2531 | 0.7625 | 0.5004 | 12.4181 | 71.4095 | 0.2371 | 0.2165 | 6.4129
76 | 31.7394 | 0.2784 | 0.7188 | 0.4864 | 1.1749 | 59.3224 | 0.2811 | 0.2216 | 6.2472 | 43.1943 | 0.2535 | 0.7625 | 0.5029 | 12.0983 | 71.2168 | 0.2372 | 0.2147 | 6.4073
77 | 31.7558 | 0.2776 | 0.7189 | 0.4888 | 1.1741 | 59.3525 | 0.2809 | 0.2199 | 6.2468 | 42.9818 | 0.2526 | 0.7627 | 0.5043 | 12.2417 | 70.6459 | 0.2369 | 0.2133 | 6.4127
78 | 31.6894 | 0.2770 | 0.7191 | 0.4904 | 1.1728 | 59.2186 | 0.2807 | 0.2185 | 6.2466 | 42.6863 | 0.2521 | 0.7629 | 0.5069 | 12.1099 | 70.1827 | 0.2368 | 0.2123 | 6.4083
79 | 31.5321 | 0.2763 | 0.7193 | 0.4932 | 1.1720 | 58.9000 | 0.2805 | 0.2172 | 6.2462 | 42.4252 | 0.2516 | 0.7631 | 0.5095 | 12.1287 | 69.6376 | 0.2365 | 0.2117 | 6.4052
80 | 31.1443 | 0.2754 | 0.7196 | 0.4954 | 1.1712 | 58.1223 | 0.2803 | 0.2161 | 6.2458 | 41.6297 | 0.2530 | 0.7626 | 0.5112 | 12.0448 | 68.1254 | 0.2370 | 0.2089 | 6.4053
81 | 31.2875 | 0.2751 | 0.7199 | 0.4969 | 1.1699 | 58.4072 | 0.2800 | 0.2149 | 6.2455 | 42.1035 | 0.2506 | 0.7644 | 0.5121 | 11.9725 | 69.1455 | 0.2353 | 0.2078 | 6.4017
82 | 31.2193 | 0.2744 | 0.7201 | 0.4986 | 1.1685 | 58.2695 | 0.2798 | 0.2137 | 6.2453 | 41.5238 | 0.2500 | 0.7638 | 0.5141 | 11.8338 | 68.1231 | 0.2358 | 0.2081 | 6.4018
83 | 31.1577 | 0.2733 | 0.7203 | 0.5002 | 1.1675 | 58.1462 | 0.2796 | 0.2127 | 6.2451 | 41.0936 | 0.2482 | 0.7643 | 0.5149 | 11.7278 | 67.3700 | 0.2353 | 0.2062 | 6.3994
84 | 30.5916 | 0.2722 | 0.7205 | 0.5017 | 1.1665 | 57.0136 | 0.2794 | 0.2114 | 6.2450 | 41.2720 | 0.2467 | 0.7642 | 0.5163 | 11.8149 | 67.6379 | 0.2354 | 0.2055 | 6.4115
85 | 30.4833 | 0.2710 | 0.7207 | 0.5034 | 1.1657 | 56.7965 | 0.2792 | 0.2101 | 6.2448 | 40.5404 | 0.2460 | 0.7650 | 0.5179 | 11.6958 | 66.2923 | 0.2347 | 0.2037 | 6.4030
86 | 30.0332 | 0.2704 | 0.7209 | 0.5038 | 1.1648 | 55.8971 | 0.2789 | 0.2089 | 6.2447 | 40.1319 | 0.2454 | 0.7649 | 0.5185 | 11.7036 | 65.4670 | 0.2347 | 0.2027 | 6.4059
87 | 29.3866 | 0.2695 | 0.7212 | 0.5051 | 1.1638 | 54.6035 | 0.2787 | 0.2078 | 6.2446 | 39.1396 | 0.2444 | 0.7653 | 0.5195 | 11.6179 | 63.5665 | 0.2343 | 0.2024 | 6.4106
88 | 28.4305 | 0.2687 | 0.7214 | 0.5061 | 1.1630 | 52.6913 | 0.2785 | 0.2067 | 6.2445 | 38.1863 | 0.2444 | 0.7653 | 0.5201 | 11.6148 | 61.6629 | 0.2343 | 0.2006 | 6.4029
89 | 27.4150 | 0.2678 | 0.7216 | 0.5063 | 1.1620 | 50.6624 | 0.2782 | 0.2057 | 6.2443 | 37.4899 | 0.2428 | 0.7658 | 0.5201 | 11.6237 | 60.2633 | 0.2338 | 0.2000 | 6.4044
90 | 26.1355 | 0.2668 | 0.7218 | 0.5066 | 1.1610 | 48.1052 | 0.2781 | 0.2048 | 6.2443 | 36.1566 | 0.2423 | 0.7657 | 0.5203 | 11.4563 | 57.7643 | 0.2339 | 0.1994 | 6.4082
91 | 24.5802 | 0.2661 | 0.7219 | 0.5064 | 1.1603 | 44.9970 | 0.2779 | 0.2039 | 6.2443 | 34.8296 | 0.2416 | 0.7662 | 0.5200 | 11.5935 | 54.9744 | 0.2334 | 0.1982 | 6.4061
92 | 23.0829 | 0.2655 | 0.7221 | 0.5060 | 1.1596 | 42.0046 | 0.2778 | 0.2031 | 6.2442 | 33.6319 | 0.2409 | 0.7663 | 0.5197 | 11.5558 | 52.6186 | 0.2333 | 0.1978 | 6.4052
93 | 21.8366 | 0.2650 | 0.7222 | 0.5055 | 1.1590 | 39.5142 | 0.2776 | 0.2025 | 6.2441 | 32.7911 | 0.2404 | 0.7662 | 0.5193 | 11.4147 | 51.0799 | 0.2334 | 0.1973 | 6.4077
94 | 20.9008 | 0.2647 | 0.7224 | 0.5048 | 1.1585 | 37.6452 | 0.2775 | 0.2018 | 6.2440 | 32.0078 | 0.2400 | 0.7665 | 0.5186 | 11.5225 | 49.4072 | 0.2331 | 0.1967 | 6.4073
95 | 20.1664 | 0.2642 | 0.7225 | 0.5042 | 1.1579 | 36.1788 | 0.2774 | 0.2013 | 6.2439 | 31.4413 | 0.2400 | 0.7666 | 0.5183 | 11.4516 | 48.3459 | 0.2330 | 0.1961 | 6.4035
96 | 19.5521 | 0.2641 | 0.7227 | 0.5036 | 1.1572 | 34.9519 | 0.2772 | 0.2008 | 6.2438 | 31.0437 | 0.2397 | 0.7668 | 0.5177 | 11.4793 | 47.5241 | 0.2328 | 0.1958 | 6.4045
97 | 19.1076 | 0.2638 | 0.7228 | 0.5029 | 1.1566 | 34.0654 | 0.2771 | 0.2005 | 6.2436 | 30.6848 | 0.2394 | 0.7668 | 0.5171 | 11.4427 | 46.8452 | 0.2328 | 0.1956 | 6.4021
98 | 18.8031 | 0.2634 | 0.7228 | 0.5024 | 1.1566 | 33.4579 | 0.2770 | 0.2003 | 6.2435 | 30.4797 | 0.2392 | 0.7670 | 0.5167 | 11.4595 | 46.4187 | 0.2326 | 0.1953 | 6.4033
99 | 18.6495 | 0.2635 | 0.7229 | 0.5021 | 1.1563 | 33.1515 | 0.2770 | 0.2002 | 6.2433 | 30.4079 | 0.2394 | 0.7670 | 0.5165 | 11.4547 | 46.2802 | 0.2326 | 0.1954 | 6.4024
100 | 18.5975 | 0.2635 | 0.7229 | 0.5019 | 1.1560 | 33.0480 | 0.2769 | 0.2002 | 6.2430 | 30.3660 | 0.2394 | 0.7670 | 0.5164 | 11.4593 | 46.1921 | 0.2326 | 0.1953 | 6.4016
epoch | loss | sim_loss | var_pred | var_target | cov_pred | cov_target | feat_std | feat_std_ctx | feat_norm | val_loss | val_sim_loss | val_var_pred | val_var_target | val_cov_pred | val_cov_target | val_feat_std | val_feat_std_ctx | val_feat_norm
1 | 29.6480 | 0.3310 | 0.7923 | 0.7351 | 1.3620 | 54.2039 | 0.2075 | 0.2602 | 5.2428 | 234.9109 | 0.2283 | 0.9726 | 0.8366 | 86.7732 | 378.8624 | 0.0250 | 0.1631 | 5.7414
2 | 25.0153 | 0.3150 | 0.7832 | 0.7107 | 1.2287 | 45.1731 | 0.2167 | 0.2747 | 5.2275 | 272.7064 | 0.2316 | 0.9787 | 0.7670 | 123.8042 | 417.5201 | 0.0172 | 0.2150 | 5.8133
3 | 30.6750 | 0.3237 | 0.7835 | 0.6496 | 1.2300 | 56.5953 | 0.2163 | 0.3137 | 5.2293 | 294.5105 | 0.2322 | 0.9795 | 0.7197 | 164.0746 | 420.9290 | 0.0159 | 0.2411 | 5.8739
4 | 36.7900 | 0.3212 | 0.7836 | 0.6394 | 1.2303 | 68.8502 | 0.2162 | 0.2935 | 5.2284 | 312.5994 | 0.2276 | 0.9794 | 0.7141 | 195.9154 | 425.2461 | 0.0162 | 0.2141 | 5.9830
5 | 44.7901 | 0.3153 | 0.7827 | 0.6405 | 1.2301 | 84.8623 | 0.2171 | 0.2590 | 5.2256 | 347.8974 | 0.2181 | 0.9773 | 0.6977 | 261.9433 | 429.7652 | 0.0186 | 0.2010 | 6.2200
6 | 19.2822 | 0.2974 | 0.7825 | 0.7669 | 1.2294 | 33.6311 | 0.2173 | 0.1413 | 5.2202 | 32.6542 | 0.2127 | 0.9899 | 0.9900 | 60.5405 | 0.0000 | 0.0014 | 0.0000 | 6.3785
7 | 7.1819 | 0.3042 | 0.7862 | 0.8013 | 1.2288 | 9.3411 | 0.2137 | 0.0949 | 5.2244 | 106.7627 | 0.2297 | 0.9897 | 0.9900 | 208.9184 | 0.0000 | 0.0021 | 0.0000 | 5.9651
8 | 5.5831 | 0.2847 | 0.7861 | 0.8293 | 1.2283 | 6.1272 | 0.2137 | 0.0696 | 5.2218 | 55.8748 | 0.2955 | 0.9900 | 0.9900 | 107.1690 | 0.0000 | 0.0003 | 0.0000 | 5.3799
9 | 7.6785 | 0.2558 | 0.7820 | 0.8486 | 1.2281 | 10.3465 | 0.2178 | 0.0525 | 5.2130 | 5.3990 | 0.2651 | 0.9900 | 0.9900 | 6.2973 | 0.0000 | 0.0001 | 0.0000 | 5.2242
10 | 13.2370 | 0.2349 | 0.7776 | 0.8658 | 1.2283 | 21.4805 | 0.2222 | 0.0392 | 5.2036 | 2.1951 | 0.2124 | 0.9900 | 0.9900 | 0.0032 | 0.0000 | 0.0000 | 0.0000 | 5.0969
11 | 17.5547 | 0.2097 | 0.7735 | 0.8905 | 1.2282 | 30.1255 | 0.2263 | 0.0244 | 5.1967 | 3.7765 | 0.2179 | 0.9900 | 0.9900 | 0.0001 | 3.1522 | 0.0000 | 0.0000 | 5.1552
12 | 16.1897 | 0.2076 | 0.7735 | 0.8920 | 1.2282 | 27.3969 | 0.2264 | 0.0161 | 5.1962 | 46.7706 | 0.2185 | 0.9900 | 0.9869 | 0.0004 | 89.1414 | 0.0000 | 0.0008 | 5.2019
13 | 45.4493 | 0.1803 | 0.7723 | 0.9105 | 1.2282 | 85.9361 | 0.2275 | 0.0077 | 5.1934 | 66.6061 | 0.1244 | 0.9900 | 0.9866 | 14.9524 | 114.0519 | 0.0001 | 0.0002 | 5.1682
14 | 116.0357 | 0.1377 | 0.7734 | 0.9712 | 1.2283 | 227.0704 | 0.2264 | 0.0012 | 5.1934 | 242.4040 | 0.0793 | 0.9898 | 0.9890 | 257.4028 | 223.2854 | 0.0015 | 0.0002 | 5.1317
15 | 88.0831 | 0.0895 | 0.7594 | 0.9851 | 1.2285 | 171.2630 | 0.2404 | 0.0004 | 5.1756 | 13.1105 | 0.0820 | 0.9900 | 0.9900 | 10.8396 | 11.2535 | 0.0001 | 0.0000 | 5.1370
16 | 4.8469 | 0.0872 | 0.7602 | 0.9893 | 1.2285 | 4.7853 | 0.2397 | 0.0000 | 5.1758 | 4.9008 | 0.0751 | 0.9900 | 0.9900 | 3.0991 | 2.5846 | 0.0000 | 0.0000 | 5.1924
17 | 3.1606 | 0.0771 | 0.7554 | 0.9899 | 1.2286 | 1.4417 | 0.2445 | 0.0000 | 5.1704 | 3.6067 | 0.0756 | 0.9900 | 0.9900 | 0.0530 | 3.0412 | 0.0000 | 0.0000 | 5.1960
18 | 2.8071 | 0.0762 | 0.7550 | 0.9899 | 1.2287 | 0.7371 | 0.2449 | 0.0000 | 5.1697 | 2.4719 | 0.0738 | 0.9900 | 0.9900 | 0.0601 | 0.7691 | 0.0000 | 0.0000 | 5.1813
19 | 2.7280 | 0.0745 | 0.7549 | 0.9899 | 1.2287 | 0.5825 | 0.2450 | 0.0000 | 5.1694 | 2.2880 | 0.0747 | 0.9900 | 0.9900 | 0.2360 | 0.2254 | 0.0000 | 0.0000 | 5.1574
epoch | loss | sim_loss | var_pred | var_target | cov_pred | cov_target | feat_std | feat_std_ctx | feat_norm | val_loss | val_sim_loss | val_var_pred | val_var_target | val_cov_pred | val_cov_target | val_feat_std | val_feat_std_ctx | val_feat_norm
1 | 40.5484 | 0.3494 | 0.7883 | 0.5639 | 1.3627 | 76.3175 | 0.2115 | 0.4385 | 5.2426 | 199.0713 | 0.2712 | 0.9572 | 0.5790 | 119.7107 | 274.7611 | 0.0413 | 0.4272 | 5.5231
2 | 31.5070 | 0.3597 | 0.7754 | 0.3822 | 1.2309 | 58.7365 | 0.2245 | 0.6150 | 5.2342 | 140.4484 | 0.2788 | 0.9451 | 0.4586 | 121.1214 | 156.3607 | 0.0537 | 0.5261 | 5.4881
3 | 25.5465 | 0.3572 | 0.7747 | 0.3501 | 1.2326 | 46.8844 | 0.2252 | 0.6032 | 5.2368 | 138.3500 | 0.2661 | 0.9443 | 0.4679 | 130.9631 | 142.2644 | 0.0544 | 0.4784 | 5.7530
4 | 22.3158 | 0.3511 | 0.7738 | 0.3359 | 1.2330 | 40.4652 | 0.2261 | 0.5638 | 5.2362 | 128.2348 | 0.2643 | 0.9409 | 0.4404 | 123.6418 | 129.3675 | 0.0581 | 0.4490 | 5.9093
5 | 19.6427 | 0.3460 | 0.7716 | 0.3135 | 1.2334 | 35.1780 | 0.2282 | 0.5187 | 5.2344 | 116.5083 | 0.2630 | 0.9306 | 0.4367 | 110.5469 | 119.0037 | 0.0685 | 0.3995 | 5.9917
6 | 17.2084 | 0.3432 | 0.7700 | 0.3012 | 1.2337 | 30.3427 | 0.2298 | 0.4517 | 5.2337 | 113.3380 | 0.2768 | 0.9151 | 0.4116 | 109.0492 | 114.3142 | 0.0841 | 0.3522 | 5.6893
7 | 15.5688 | 0.3426 | 0.7675 | 0.2841 | 1.2339 | 27.1035 | 0.2323 | 0.3840 | 5.2332 | 105.8502 | 0.3008 | 0.8878 | 0.3965 | 101.7810 | 106.7379 | 0.1117 | 0.2945 | 5.1781
8 | 13.9895 | 0.3423 | 0.7645 | 0.2762 | 1.2344 | 23.9670 | 0.2353 | 0.3165 | 5.2325 | 96.2357 | 0.3242 | 0.8689 | 0.3788 | 89.5439 | 99.7826 | 0.1307 | 0.2398 | 4.9972
9 | 12.6810 | 0.3443 | 0.7619 | 0.2692 | 1.2348 | 21.3647 | 0.2379 | 0.2554 | 5.2319 | 92.1405 | 0.3207 | 0.8598 | 0.3797 | 80.6140 | 100.5456 | 0.1398 | 0.1930 | 4.9565
10 | 11.7651 | 0.3397 | 0.7603 | 0.2908 | 1.2358 | 19.5013 | 0.2396 | 0.2034 | 5.2303 | 81.6127 | 0.3099 | 0.8381 | 0.3972 | 61.6035 | 98.5300 | 0.1616 | 0.1559 | 5.0285
11 | 11.0071 | 0.3334 | 0.7593 | 0.3255 | 1.2363 | 17.9303 | 0.2405 | 0.1679 | 5.2295 | 75.1450 | 0.3177 | 0.8343 | 0.4194 | 50.4512 | 96.6894 | 0.1654 | 0.1347 | 5.1473
12 | 10.4845 | 0.3278 | 0.7588 | 0.3566 | 1.2369 | 16.8342 | 0.2410 | 0.1485 | 5.2286 | 69.7116 | 0.2993 | 0.8314 | 0.4489 | 45.7458 | 90.5108 | 0.1683 | 0.1219 | 5.1701
13 | 10.7877 | 0.3192 | 0.7587 | 0.3970 | 1.2370 | 17.3775 | 0.2411 | 0.1355 | 5.2271 | 70.5213 | 0.2886 | 0.8236 | 0.4769 | 42.2732 | 95.5887 | 0.1761 | 0.1138 | 5.0917
14 | 13.3190 | 0.3101 | 0.7586 | 0.4394 | 1.2374 | 22.3734 | 0.2412 | 0.1273 | 5.2257 | 72.3403 | 0.2690 | 0.8184 | 0.5156 | 43.1540 | 98.3188 | 0.1813 | 0.1078 | 5.0774
15 | 17.3078 | 0.3013 | 0.7588 | 0.4816 | 1.2378 | 30.2832 | 0.2410 | 0.1211 | 5.2244 | 75.3439 | 0.2701 | 0.8121 | 0.5487 | 42.2534 | 105.1707 | 0.1876 | 0.1026 | 5.0773
16 | 21.9450 | 0.2958 | 0.7592 | 0.5139 | 1.2381 | 39.5032 | 0.2406 | 0.1168 | 5.2237 | 77.8638 | 0.2777 | 0.8118 | 0.5706 | 43.0766 | 109.3287 | 0.1880 | 0.1014 | 5.0856
17 | 29.4677 | 0.2914 | 0.7596 | 0.5394 | 1.2384 | 54.5057 | 0.2403 | 0.1147 | 5.2229 | 82.5053 | 0.2608 | 0.8182 | 0.5891 | 42.2399 | 119.4324 | 0.1815 | 0.1004 | 5.0830
18 | 35.3384 | 0.2870 | 0.7599 | 0.5587 | 1.2387 | 66.2164 | 0.2400 | 0.1140 | 5.2218 | 85.5452 | 0.2581 | 0.8143 | 0.6053 | 41.3143 | 126.4175 | 0.1855 | 0.1002 | 5.1057
19 | 39.2605 | 0.2828 | 0.7601 | 0.5738 | 1.2389 | 74.0381 | 0.2398 | 0.1136 | 5.2212 | 87.9435 | 0.2596 | 0.8102 | 0.6147 | 40.7459 | 131.7693 | 0.1895 | 0.1003 | 5.0925
20 | 42.4465 | 0.2803 | 0.7603 | 0.5884 | 1.2392 | 80.3852 | 0.2396 | 0.1132 | 5.2202 | 81.2970 | 0.2538 | 0.8141 | 0.6274 | 40.1867 | 119.0123 | 0.1856 | 0.1004 | 5.1311
21 | 45.7072 | 0.2776 | 0.7604 | 0.6019 | 1.2393 | 86.8850 | 0.2394 | 0.1130 | 5.2196 | 89.0900 | 0.2551 | 0.8116 | 0.6378 | 40.0498 | 134.7166 | 0.1881 | 0.1003 | 5.1372
22 | 49.2702 | 0.2759 | 0.7606 | 0.6110 | 1.2392 | 93.9957 | 0.2393 | 0.1137 | 5.2191 | 90.9207 | 0.2470 | 0.8170 | 0.6442 | 39.9128 | 138.5057 | 0.1826 | 0.1004 | 5.1640
23 | 52.3479 | 0.2745 | 0.7606 | 0.6183 | 1.2394 | 100.1392 | 0.2392 | 0.1145 | 5.2184 | 95.9884 | 0.2486 | 0.8138 | 0.6484 | 39.4787 | 149.0695 | 0.1859 | 0.1021 | 5.1714
24 | 55.2094 | 0.2728 | 0.7607 | 0.6234 | 1.2394 | 105.8553 | 0.2392 | 0.1152 | 5.2177 | 96.7441 | 0.2390 | 0.8132 | 0.6540 | 40.5991 | 149.4700 | 0.1865 | 0.1016 | 5.1676
25 | 58.2488 | 0.2709 | 0.7607 | 0.6287 | 1.2397 | 111.9271 | 0.2392 | 0.1158 | 5.2170 | 97.2369 | 0.2358 | 0.8181 | 0.6565 | 39.4983 | 151.5466 | 0.1816 | 0.1021 | 5.1870
26 | 61.3601 | 0.2708 | 0.7607 | 0.6321 | 1.2400 | 118.1430 | 0.2391 | 0.1163 | 5.2166 | 99.9717 | 0.2366 | 0.8177 | 0.6586 | 39.5130 | 156.9958 | 0.1819 | 0.1033 | 5.1936
27 | 64.2066 | 0.2705 | 0.7608 | 0.6328 | 1.2404 | 123.8344 | 0.2390 | 0.1166 | 5.2165 | 103.2593 | 0.2288 | 0.8225 | 0.6605 | 41.0768 | 162.0073 | 0.1771 | 0.1023 | 5.2177
28 | 65.5499 | 0.2696 | 0.7608 | 0.6348 | 1.2405 | 126.5188 | 0.2390 | 0.1167 | 5.2161 | 105.9169 | 0.2282 | 0.8230 | 0.6598 | 40.8742 | 167.5260 | 0.1766 | 0.1032 | 5.2254
29 | 66.1848 | 0.2700 | 0.7609 | 0.6324 | 1.2404 | 127.7926 | 0.2390 | 0.1162 | 5.2162 | 102.7396 | 0.2245 | 0.8265 | 0.6571 | 40.3781 | 161.6707 | 0.1731 | 0.1013 | 5.2530
30 | 67.1399 | 0.2702 | 0.7609 | 0.6285 | 1.2408 | 129.7099 | 0.2390 | 0.1150 | 5.2161 | 106.7049 | 0.2249 | 0.8268 | 0.6554 | 41.1680 | 168.8137 | 0.1728 | 0.0998 | 5.2498
31 | 67.8431 | 0.2707 | 0.7609 | 0.6265 | 1.2410 | 131.1190 | 0.2389 | 0.1139 | 5.2162 | 107.5196 | 0.2216 | 0.8283 | 0.6539 | 41.0606 | 170.5563 | 0.1712 | 0.0998 | 5.2571
32 | 69.4258 | 0.2702 | 0.7609 | 0.6244 | 1.2413 | 134.2892 | 0.2390 | 0.1127 | 5.2163 | 110.7607 | 0.2208 | 0.8288 | 0.6510 | 41.4746 | 176.6290 | 0.1708 | 0.0978 | 5.2748
33 | 70.3279 | 0.2707 | 0.7609 | 0.6233 | 1.2415 | 136.0943 | 0.2390 | 0.1114 | 5.2165 | 108.5438 | 0.2220 | 0.8287 | 0.6526 | 41.6439 | 172.0206 | 0.1708 | 0.0967 | 5.2712
34 | 69.8815 | 0.2707 | 0.7609 | 0.6232 | 1.2418 | 135.2013 | 0.2389 | 0.1106 | 5.2165 | 108.7403 | 0.2200 | 0.8328 | 0.6548 | 42.0455 | 172.0013 | 0.1668 | 0.0951 | 5.2935
35 | 69.1471 | 0.2695 | 0.7609 | 0.6240 | 1.2418 | 133.7336 | 0.2389 | 0.1097 | 5.2162 | 109.9725 | 0.2166 | 0.8324 | 0.6548 | 42.0957 | 174.4207 | 0.1671 | 0.0947 | 5.3135
36 | 69.5904 | 0.2686 | 0.7609 | 0.6230 | 1.2418 | 134.6239 | 0.2389 | 0.1094 | 5.2159 | 109.9908 | 0.2179 | 0.8335 | 0.6509 | 41.9185 | 174.6372 | 0.1660 | 0.0949 | 5.3145
37 | 70.7733 | 0.2696 | 0.7609 | 0.6198 | 1.2417 | 136.9943 | 0.2389 | 0.1098 | 5.2161 | 108.8997 | 0.2154 | 0.8336 | 0.6471 | 39.9584 | 174.4256 | 0.1659 | 0.0960 | 5.3314
38 | 71.4951 | 0.2694 | 0.7609 | 0.6155 | 1.2417 | 138.4466 | 0.2389 | 0.1106 | 5.2164 | 112.5869 | 0.2144 | 0.8353 | 0.6441 | 40.5951 | 181.1681 | 0.1642 | 0.0963 | 5.3296
39 | 71.6205 | 0.2705 | 0.7609 | 0.6125 | 1.2417 | 138.7013 | 0.2390 | 0.1116 | 5.2167 | 112.9294 | 0.2159 | 0.8357 | 0.6403 | 40.0544 | 182.3949 | 0.1638 | 0.0980 | 5.3489
40 | 70.7581 | 0.2723 | 0.7609 | 0.6114 | 1.2415 | 136.9753 | 0.2390 | 0.1128 | 5.2171 | 110.5373 | 0.2154 | 0.8354 | 0.6380 | 39.7743 | 177.8949 | 0.1640 | 0.0986 | 5.3639
41 | 71.2867 | 0.2733 | 0.7609 | 0.6088 | 1.2415 | 138.0355 | 0.2389 | 0.1140 | 5.2174 | 111.8491 | 0.2159 | 0.8368 | 0.6348 | 39.2133 | 181.0789 | 0.1626 | 0.0992 | 5.3845
42 | 72.1647 | 0.2738 | 0.7610 | 0.6073 | 1.2417 | 139.7933 | 0.2389 | 0.1150 | 5.2175 | 110.3718 | 0.2165 | 0.8361 | 0.6335 | 39.4065 | 177.9332 | 0.1633 | 0.1007 | 5.3889
43 | 74.2544 | 0.2747 | 0.7610 | 0.6043 | 1.2415 | 143.9771 | 0.2388 | 0.1164 | 5.2177 | 116.4078 | 0.2169 | 0.8372 | 0.6294 | 38.8786 | 190.5358 | 0.1622 | 0.1019 | 5.4029
44 | 78.0234 | 0.2753 | 0.7612 | 0.5989 | 1.2413 | 151.5245 | 0.2387 | 0.1179 | 5.2178 | 120.9183 | 0.2173 | 0.8371 | 0.6225 | 39.2606 | 199.1872 | 0.1623 | 0.1031 | 5.4080
45 | 81.5844 | 0.2758 | 0.7614 | 0.5917 | 1.2411 | 158.6598 | 0.2385 | 0.1191 | 5.2179 | 117.0307 | 0.2172 | 0.8351 | 0.6160 | 37.1133 | 193.5757 | 0.1643 | 0.1047 | 5.4144
46 | 83.1667 | 0.2755 | 0.7615 | 0.5873 | 1.2406 | 161.8338 | 0.2383 | 0.1196 | 5.2180 | 115.3533 | 0.2171 | 0.8344 | 0.6086 | 36.5452 | 190.8042 | 0.1650 | 0.1072 | 5.4220
47 | 84.2992 | 0.2763 | 0.7617 | 0.5835 | 1.2402 | 164.1047 | 0.2381 | 0.1204 | 5.2185 | 115.6282 | 0.2185 | 0.8344 | 0.6041 | 35.4364 | 192.4675 | 0.1649 | 0.1079 | 5.4300
48 | 84.9376 | 0.2776 | 0.7619 | 0.5809 | 1.2401 | 165.3841 | 0.2380 | 0.1210 | 5.2190 | 116.3799 | 0.2204 | 0.8329 | 0.5992 | 35.3472 | 194.0660 | 0.1665 | 0.1077 | 5.4474
49 | 85.1443 | 0.2789 | 0.7621 | 0.5807 | 1.2404 | 165.7945 | 0.2378 | 0.1215 | 5.2194 | 116.2490 | 0.2234 | 0.8328 | 0.5982 | 34.9887 | 194.1569 | 0.1666 | 0.1084 | 5.4597
50 | 85.1957 | 0.2800 | 0.7623 | 0.5801 | 1.2404 | 165.8956 | 0.2375 | 0.1217 | 5.2198 | 115.6626 | 0.2220 | 0.8320 | 0.5973 | 34.5773 | 193.3993 | 0.1673 | 0.1086 | 5.4712
51 | 85.2274 | 0.2806 | 0.7625 | 0.5782 | 1.2401 | 165.9617 | 0.2373 | 0.1214 | 5.2202 | 116.3783 | 0.2236 | 0.8323 | 0.5963 | 35.1216 | 194.2812 | 0.1670 | 0.1076 | 5.4891
52 | 85.2783 | 0.2809 | 0.7628 | 0.5780 | 1.2401 | 166.0627 | 0.2371 | 0.1211 | 5.2204 | 116.6868 | 0.2250 | 0.8311 | 0.5965 | 34.4892 | 195.5304 | 0.1683 | 0.1076 | 5.4865
53 | 85.6128 | 0.2813 | 0.7629 | 0.5773 | 1.2400 | 166.7320 | 0.2369 | 0.1205 | 5.2204 | 116.8493 | 0.2250 | 0.8316 | 0.5953 | 34.8413 | 195.5024 | 0.1678 | 0.1071 | 5.4976
54 | 85.7831 | 0.2827 | 0.7632 | 0.5777 | 1.2396 | 167.0688 | 0.2366 | 0.1198 | 5.2208 | 116.3070 | 0.2269 | 0.8315 | 0.5961 | 35.3654 | 193.8863 | 0.1679 | 0.1056 | 5.5087
55 | 85.7843 | 0.2837 | 0.7636 | 0.5789 | 1.2394 | 167.0665 | 0.2363 | 0.1192 | 5.2208 | 115.9716 | 0.2268 | 0.8314 | 0.5977 | 34.9779 | 193.5990 | 0.1680 | 0.1053 | 5.5155
56 | 85.7737 | 0.2842 | 0.7639 | 0.5794 | 1.2392 | 167.0427 | 0.2359 | 0.1187 | 5.2210 | 115.8334 | 0.2282 | 0.8326 | 0.5974 | 35.7162 | 192.5782 | 0.1667 | 0.1054 | 5.5222
57 | 85.8234 | 0.2848 | 0.7642 | 0.5803 | 1.2389 | 167.1388 | 0.2356 | 0.1183 | 5.2212 | 117.5209 | 0.2292 | 0.8330 | 0.5990 | 35.3131 | 196.3482 | 0.1664 | 0.1040 | 5.5320
58 | 85.9308 | 0.2850 | 0.7644 | 0.5815 | 1.2387 | 167.3503 | 0.2354 | 0.1177 | 5.2211 | 117.0151 | 0.2287 | 0.8331 | 0.6004 | 34.8300 | 195.8170 | 0.1663 | 0.1045 | 5.5344
59 | 86.2301 | 0.2855 | 0.7647 | 0.5831 | 1.2384 | 167.9443 | 0.2351 | 0.1173 | 5.2213 | 115.9480 | 0.2296 | 0.8330 | 0.6017 | 34.0661 | 194.4405 | 0.1664 | 0.1031 | 5.5439
60 | 86.0764 | 0.2858 | 0.7650 | 0.5845 | 1.2380 | 167.6334 | 0.2348 | 0.1169 | 5.2214 | 115.6080 | 0.2294 | 0.8336 | 0.6033 | 33.4296 | 194.3904 | 0.1658 | 0.1038 | 5.5565
61 | 85.8602 | 0.2868 | 0.7654 | 0.5858 | 1.2377 | 167.1961 | 0.2345 | 0.1166 | 5.2216 | 114.4076 | 0.2307 | 0.8341 | 0.6041 | 33.0804 | 192.3306 | 0.1654 | 0.1024 | 5.5700
62 | 85.6829 | 0.2872 | 0.7658 | 0.5865 | 1.2373 | 166.8389 | 0.2341 | 0.1163 | 5.2217 | 113.6173 | 0.2310 | 0.8335 | 0.6052 | 32.6695 | 191.1603 | 0.1659 | 0.1037 | 5.5648
63 | 85.4878 | 0.2885 | 0.7662 | 0.5863 | 1.2369 | 166.4461 | 0.2336 | 0.1158 | 5.2219 | 114.3147 | 0.2323 | 0.8338 | 0.6038 | 32.8140 | 192.4053 | 0.1656 | 0.1026 | 5.5862
64 | 85.8770 | 0.2895 | 0.7664 | 0.5842 | 1.2366 | 167.2266 | 0.2334 | 0.1154 | 5.2222 | 114.9293 | 0.2335 | 0.8332 | 0.6007 | 32.7718 | 193.6816 | 0.1662 | 0.1029 | 5.5873
65 | 86.2463 | 0.2905 | 0.7667 | 0.5829 | 1.2364 | 167.9651 | 0.2331 | 0.1150 | 5.2224 | 114.2629 | 0.2341 | 0.8335 | 0.6008 | 32.1733 | 192.9434 | 0.1659 | 0.1023 | 5.5949
66 | 86.0972 | 0.2910 | 0.7671 | 0.5829 | 1.2360 | 167.6658 | 0.2328 | 0.1144 | 5.2225 | 113.2589 | 0.2351 | 0.8332 | 0.6009 | 32.0090 | 191.0945 | 0.1662 | 0.1023 | 5.6097
67 | 85.8130 | 0.2913 | 0.7673 | 0.5834 | 1.2355 | 167.0958 | 0.2326 | 0.1138 | 5.2226 | 111.9482 | 0.2363 | 0.8319 | 0.6021 | 31.5142 | 188.9618 | 0.1675 | 0.1022 | 5.6255
68 | 85.5715 | 0.2922 | 0.7675 | 0.5836 | 1.2352 | 166.6102 | 0.2323 | 0.1132 | 5.2227 | 110.5776 | 0.2368 | 0.8327 | 0.6011 | 31.8474 | 185.8859 | 0.1666 | 0.1011 | 5.6275
69 | 85.4789 | 0.2929 | 0.7679 | 0.5824 | 1.2348 | 166.4260 | 0.2320 | 0.1125 | 5.2229 | 112.7872 | 0.2373 | 0.8326 | 0.5979 | 32.0537 | 190.1001 | 0.1667 | 0.1004 | 5.6446
70 | 85.7378 | 0.2936 | 0.7681 | 0.5791 | 1.2345 | 166.9486 | 0.2317 | 0.1118 | 5.2229 | 115.0416 | 0.2365 | 0.8329 | 0.5938 | 32.9902 | 193.6796 | 0.1664 | 0.0993 | 5.6528
71 | 85.9132 | 0.2940 | 0.7684 | 0.5768 | 1.2341 | 167.3030 | 0.2314 | 0.1112 | 5.2230 | 115.0910 | 0.2372 | 0.8329 | 0.5934 | 32.9521 | 193.8134 | 0.1665 | 0.0994 | 5.6630
72 | 85.8343 | 0.2945 | 0.7686 | 0.5760 | 1.2333 | 167.1463 | 0.2312 | 0.1105 | 5.2231 | 114.8288 | 0.2372 | 0.8331 | 0.5934 | 32.5657 | 193.6756 | 0.1663 | 0.0991 | 5.6604
73 | 85.5131 | 0.2944 | 0.7688 | 0.5764 | 1.2325 | 166.5037 | 0.2311 | 0.1101 | 5.2230 | 114.8827 | 0.2375 | 0.8344 | 0.5935 | 32.8321 | 193.5092 | 0.1650 | 0.0981 | 5.6756
74 | 85.2268 | 0.2945 | 0.7689 | 0.5761 | 1.2319 | 165.9319 | 0.2310 | 0.1098 | 5.2230 | 114.4396 | 0.2365 | 0.8342 | 0.5936 | 32.6525 | 192.8019 | 0.1651 | 0.0976 | 5.6858
75 | 84.7898 | 0.2942 | 0.7690 | 0.5762 | 1.2313 | 165.0587 | 0.2309 | 0.1093 | 5.2230 | 114.3626 | 0.2370 | 0.8341 | 0.5937 | 32.5266 | 192.7691 | 0.1653 | 0.0975 | 5.6998
76 | 84.5289 | 0.2940 | 0.7690 | 0.5759 | 1.2308 | 164.5381 | 0.2308 | 0.1088 | 5.2229 | 114.1223 | 0.2360 | 0.8335 | 0.5939 | 33.0254 | 191.7920 | 0.1660 | 0.0973 | 5.7023
77 | 84.1832 | 0.2939 | 0.7691 | 0.5761 | 1.2305 | 163.8469 | 0.2307 | 0.1081 | 5.2227 | 113.9500 | 0.2365 | 0.8329 | 0.5933 | 32.6061 | 191.8662 | 0.1665 | 0.0971 | 5.7086
78 | 83.9219 | 0.2940 | 0.7692 | 0.5754 | 1.2299 | 163.3260 | 0.2306 | 0.1075 | 5.2227 | 113.5094 | 0.2359 | 0.8330 | 0.5934 | 32.4224 | 191.1668 | 0.1664 | 0.0959 | 5.7174
79 | 83.5495 | 0.2939 | 0.7693 | 0.5755 | 1.2293 | 162.5814 | 0.2306 | 0.1069 | 5.2225 | 113.0479 | 0.2359 | 0.8324 | 0.5932 | 32.2807 | 190.3862 | 0.1670 | 0.0955 | 5.7202
80 | 83.3324 | 0.2937 | 0.7693 | 0.5754 | 1.2289 | 162.1483 | 0.2305 | 0.1062 | 5.2224 | 112.7826 | 0.2360 | 0.8318 | 0.5937 | 32.3240 | 189.8099 | 0.1677 | 0.0948 | 5.7292
81 | 83.0502 | 0.2937 | 0.7694 | 0.5753 | 1.2285 | 161.5842 | 0.2304 | 0.1054 | 5.2224 | 112.3161 | 0.2352 | 0.8320 | 0.5936 | 32.1018 | 189.0957 | 0.1675 | 0.0942 | 5.7445
82 | 82.8153 | 0.2936 | 0.7695 | 0.5751 | 1.2282 | 161.1152 | 0.2303 | 0.1047 | 5.2223 | 112.0872 | 0.2357 | 0.8310 | 0.5936 | 32.0455 | 188.6984 | 0.1685 | 0.0938 | 5.7352
83 | 82.5838 | 0.2932 | 0.7696 | 0.5752 | 1.2275 | 160.6533 | 0.2303 | 0.1040 | 5.2222 | 111.4414 | 0.2345 | 0.8312 | 0.5934 | 31.8484 | 187.6020 | 0.1682 | 0.0929 | 5.7486
84 | 82.2070 | 0.2930 | 0.7696 | 0.5754 | 1.2272 | 159.8999 | 0.2302 | 0.1033 | 5.2221 | 110.7478 | 0.2345 | 0.8312 | 0.5937 | 31.4343 | 186.6274 | 0.1683 | 0.0923 | 5.7516
85 | 81.8798 | 0.2928 | 0.7697 | 0.5755 | 1.2264 | 159.2461 | 0.2301 | 0.1025 | 5.2221 | 110.1903 | 0.2342 | 0.8312 | 0.5939 | 31.0494 | 185.8951 | 0.1682 | 0.0919 | 5.7594
86 | 81.4729 | 0.2924 | 0.7698 | 0.5757 | 1.2262 | 158.4328 | 0.2300 | 0.1016 | 5.2220 | 109.8939 | 0.2338 | 0.8302 | 0.5936 | 30.8902 | 185.4673 | 0.1693 | 0.0907 | 5.7519
87 | 81.2232 | 0.2922 | 0.7699 | 0.5754 | 1.2257 | 157.9348 | 0.2299 | 0.1008 | 5.2220 | 109.6366 | 0.2336 | 0.8304 | 0.5936 | 30.4043 | 185.4337 | 0.1690 | 0.0902 | 5.7678
88 | 81.0009 | 0.2918 | 0.7700 | 0.5755 | 1.2251 | 157.4912 | 0.2298 | 0.1001 | 5.2219 | 109.1924 | 0.2335 | 0.8307 | 0.5939 | 30.3227 | 184.6257 | 0.1688 | 0.0894 | 5.7683
89 | 80.6008 | 0.2917 | 0.7701 | 0.5756 | 1.2247 | 156.6914 | 0.2297 | 0.0991 | 5.2220 | 108.8905 | 0.2333 | 0.8305 | 0.5937 | 30.1619 | 184.1825 | 0.1689 | 0.0884 | 5.7730
90 | 80.2842 | 0.2917 | 0.7702 | 0.5753 | 1.2243 | 156.0587 | 0.2296 | 0.0983 | 5.2220 | 108.4969 | 0.2332 | 0.8307 | 0.5935 | 30.2149 | 183.3437 | 0.1687 | 0.0879 | 5.7689
91 | 79.8961 | 0.2916 | 0.7704 | 0.5753 | 1.2239 | 155.2828 | 0.2295 | 0.0975 | 5.2220 | 107.8385 | 0.2332 | 0.8301 | 0.5936 | 29.7485 | 182.4909 | 0.1693 | 0.0872 | 5.7793
92 | 79.4989 | 0.2915 | 0.7705 | 0.5755 | 1.2235 | 154.4884 | 0.2293 | 0.0967 | 5.2220 | 107.3979 | 0.2331 | 0.8302 | 0.5938 | 29.7363 | 181.6215 | 0.1693 | 0.0866 | 5.7796
93 | 79.0906 | 0.2914 | 0.7706 | 0.5754 | 1.2228 | 153.6726 | 0.2292 | 0.0960 | 5.2220 | 106.7623 | 0.2329 | 0.8304 | 0.5938 | 29.3939 | 180.6900 | 0.1691 | 0.0861 | 5.7884
94 | 78.7393 | 0.2913 | 0.7707 | 0.5755 | 1.2225 | 152.9704 | 0.2291 | 0.0954 | 5.2220 | 106.2491 | 0.2329 | 0.8298 | 0.5939 | 29.1138 | 179.9455 | 0.1696 | 0.0855 | 5.7853
95 | 78.4515 | 0.2912 | 0.7708 | 0.5755 | 1.2220 | 152.3951 | 0.2290 | 0.0949 | 5.2221 | 105.7840 | 0.2329 | 0.8301 | 0.5940 | 29.0446 | 179.0822 | 0.1693 | 0.0850 | 5.7895
96 | 78.1207 | 0.2913 | 0.7709 | 0.5755 | 1.2219 | 151.7332 | 0.2289 | 0.0945 | 5.2220 | 105.4323 | 0.2329 | 0.8301 | 0.5941 | 28.9164 | 178.5067 | 0.1693 | 0.0846 | 5.7905
97 | 77.8570 | 0.2913 | 0.7710 | 0.5756 | 1.2216 | 151.2057 | 0.2288 | 0.0941 | 5.2220 | 105.1110 | 0.2330 | 0.8301 | 0.5943 | 28.8656 | 177.9144 | 0.1694 | 0.0845 | 5.7907
98 | 77.6354 | 0.2913 | 0.7710 | 0.5757 | 1.2214 | 150.7624 | 0.2288 | 0.0940 | 5.2219 | 104.8387 | 0.2330 | 0.8302 | 0.5943 | 28.8738 | 177.3611 | 0.1693 | 0.0843 | 5.7912
99 | 77.5238 | 0.2914 | 0.7711 | 0.5757 | 1.2213 | 150.5392 | 0.2288 | 0.0939 | 5.2219 | 104.7365 | 0.2331 | 0.8301 | 0.5943 | 28.8250 | 177.2054 | 0.1694 | 0.0843 | 5.7916
100 | 77.4749 | 0.2914 | 0.7711 | 0.5757 | 1.2210 | 150.4414 | 0.2287 | 0.0939 | 5.2217 | 104.7339 | 0.2331 | 0.8301 | 0.5943 | 28.8289 | 177.1964 | 0.1693 | 0.0843 | 5.7911
epoch | loss | sim_loss | var_pred | var_target | cov_pred | cov_target | feat_std | feat_std_ctx | feat_norm | val_loss | val_sim_loss | val_var_pred | val_var_target | val_cov_pred | val_cov_target | val_feat_std | val_feat_std_ctx | val_feat_norm
1 | 36.9621 | 0.3343 | 0.7567 | 0.7037 | 1.3511 | 68.9713 | 0.2431 | 0.2929 | 6.2335 | 257.7765 | 0.2196 | 0.9675 | 0.8133 | 91.9766 | 419.4892 | 0.0305 | 0.1794 | 6.6514
2 | 31.4688 | 0.3270 | 0.7470 | 0.6716 | 1.2286 | 58.2067 | 0.2528 | 0.3146 | 6.2259 | 283.1922 | 0.2207 | 0.9713 | 0.7071 | 147.8137 | 414.6444 | 0.0256 | 0.2760 | 6.7939
3 | 45.2372 | 0.3263 | 0.7429 | 0.6022 | 1.2299 | 85.8913 | 0.2570 | 0.3606 | 6.2208 | 328.1902 | 0.2194 | 0.9728 | 0.6547 | 231.2603 | 421.2668 | 0.0236 | 0.2972 | 6.8876
4 | 58.3325 | 0.3210 | 0.7381 | 0.5822 | 1.2303 | 112.1421 | 0.2618 | 0.3507 | 6.2143 | 351.2407 | 0.2141 | 0.9693 | 0.6235 | 274.1849 | 424.3950 | 0.0273 | 0.2973 | 7.1931
5 | 67.3166 | 0.3137 | 0.7335 | 0.5897 | 1.2302 | 130.1198 | 0.2664 | 0.3096 | 6.2075 | 265.6547 | 0.2042 | 0.9779 | 0.7758 | 192.9273 | 334.0400 | 0.0168 | 0.1029 | 7.4529
6 | 60.6566 | 0.3014 | 0.7314 | 0.6449 | 1.2300 | 116.7185 | 0.2684 | 0.2344 | 6.2027 | 173.2364 | 0.2068 | 0.9805 | 0.8795 | 156.3740 | 185.2834 | 0.0141 | 0.0677 | 7.8382
7 | 56.9974 | 0.2897 | 0.7300 | 0.6900 | 1.2298 | 109.3366 | 0.2699 | 0.1688 | 6.1995 | 176.9642 | 0.2209 | 0.9796 | 0.8915 | 147.6817 | 201.5051 | 0.0146 | 0.0488 | 7.6634
8 | 68.2714 | 0.2822 | 0.7314 | 0.7421 | 1.2293 | 131.7935 | 0.2685 | 0.1186 | 6.1986 | 91.1731 | 0.2299 | 0.9891 | 0.9900 | 177.8599 | 0.0002 | 0.0038 | 0.0000 | 6.5775
9 | 47.9258 | 0.2811 | 0.7438 | 0.8638 | 1.2285 | 90.8363 | 0.2561 | 0.0463 | 6.2082 | 43.6790 | 0.2740 | 0.9898 | 0.9900 | 82.8500 | 0.0003 | 0.0019 | 0.0000 | 5.9771
10 | 49.5513 | 0.3002 | 0.7519 | 0.8779 | 1.2285 | 94.0039 | 0.2480 | 0.0388 | 6.2196 | 38.9084 | 0.3056 | 0.9900 | 0.9900 | 73.2346 | 0.0020 | 0.0006 | 0.0000 | 6.2064
11 | 53.3322 | 0.2947 | 0.7529 | 0.8956 | 1.2283 | 101.5395 | 0.2469 | 0.0298 | 6.2184 | 5.5876 | 0.2694 | 0.9900 | 0.9900 | 5.9064 | 0.7581 | 0.0001 | 0.0000 | 6.2387
12 | 65.0003 | 0.2497 | 0.7461 | 0.9146 | 1.2280 | 124.9428 | 0.2538 | 0.0204 | 6.2048 | 9.5741 | 0.2319 | 0.9900 | 0.9899 | 0.6039 | 14.1044 | 0.0000 | 0.0001 | 6.2810
13 | 73.9981 | 0.2240 | 0.7421 | 0.9218 | 1.2281 | 142.9839 | 0.2577 | 0.0136 | 6.1986 | 32.4592 | 0.2247 | 0.9900 | 0.9866 | 0.0007 | 60.5116 | 0.0000 | 0.0009 | 6.1292
14 | 75.3150 | 0.2308 | 0.7440 | 0.9224 | 1.2283 | 145.5986 | 0.2558 | 0.0084 | 6.2016 | 59.3015 | 0.2556 | 0.9900 | 0.9724 | 0.0077 | 114.1532 | 0.0000 | 0.0018 | 6.1676
15 | 140.2106 | 0.1667 | 0.7298 | 0.9400 | 1.2283 | 275.5124 | 0.2700 | 0.0086 | 6.1837 | 230.8942 | 0.0658 | 0.9626 | 0.9786 | 233.2542 | 224.5146 | 0.0351 | 0.0048 | 5.8319
16 | 101.2427 | 0.0983 | 0.7146 | 0.9833 | 1.2281 | 197.6590 | 0.2853 | 0.0015 | 6.1645 | 2.0800 | 0.0949 | 0.9900 | 0.9900 | 0.0016 | 0.0069 | 0.0000 | 0.0000 | 6.0801
17 | 69.8619 | 0.0947 | 0.7123 | 0.9887 | 1.2281 | 134.8985 | 0.2876 | 0.0004 | 6.1621 | 2.1049 | 0.0897 | 0.9900 | 0.9900 | 0.0667 | 0.0003 | 0.0000 | 0.0000 | 6.1240
18 | 42.1955 | 0.0910 | 0.7096 | 0.9895 | 1.2281 | 79.5770 | 0.2903 | 0.0001 | 6.1594 | 2.2313 | 0.0863 | 0.9900 | 0.9900 | 0.3255 | 0.0003 | 0.0000 | 0.0000 | 6.1393
19 | 7.2319 | 0.0893 | 0.7083 | 0.9899 | 1.2281 | 9.6551 | 0.2916 | 0.0000 | 6.1581 | 2.3759 | 0.0834 | 0.9900 | 0.9900 | 0.6180 | 0.0000 | 0.0000 | 0.0000 | 6.1799
epoch | loss | sim_loss | var_pred | var_target | cov_pred | cov_target | feat_std | feat_std_ctx | feat_norm | val_loss | val_sim_loss | val_var_pred | val_var_target | val_cov_pred | val_cov_target | val_feat_std | val_feat_std_ctx | val_feat_norm
1 | 43.1326 | 0.3582 | 0.7449 | 0.4759 | 1.3595 | 81.7358 | 0.2550 | 0.5409 | 6.2276 | 171.1413 | 0.2695 | 0.9217 | 0.4636 | 122.1508 | 216.8198 | 0.0775 | 0.5509 | 5.9141
2 | 23.4011 | 0.3756 | 0.7207 | 0.2271 | 1.2340 | 42.9097 | 0.2792 | 0.7681 | 6.2230 | 102.1880 | 0.2807 | 0.8777 | 0.3459 | 81.6783 | 119.6735 | 0.1219 | 0.6261 | 5.7465
3 | 14.9958 | 0.3719 | 0.7155 | 0.1746 | 1.2381 | 26.2175 | 0.2844 | 0.7479 | 6.2279 | 90.2945 | 0.2793 | 0.8418 | 0.3115 | 74.5937 | 103.1075 | 0.1579 | 0.5938 | 5.7033
4 | 11.5066 | 0.3640 | 0.7108 | 0.1641 | 1.2402 | 19.2833 | 0.2891 | 0.6873 | 6.2288 | 85.5280 | 0.2813 | 0.8143 | 0.3039 | 72.9493 | 95.2757 | 0.1854 | 0.5382 | 5.6356
5 | 9.2882 | 0.3494 | 0.7078 | 0.1828 | 1.2415 | 14.8430 | 0.2921 | 0.5941 | 6.2281 | 81.5170 | 0.2944 | 0.8028 | 0.3149 | 68.2995 | 91.9020 | 0.1970 | 0.4571 | 5.8703
6 | 7.9875 | 0.3300 | 0.7068 | 0.2124 | 1.2421 | 12.2229 | 0.2931 | 0.4936 | 6.2270 | 79.9732 | 0.2950 | 0.7836 | 0.3364 | 66.3987 | 90.7153 | 0.2161 | 0.3781 | 6.0255
7 | 7.2031 | 0.3158 | 0.7067 | 0.2332 | 1.2424 | 10.6409 | 0.2932 | 0.4109 | 6.2263 | 77.4581 | 0.2861 | 0.7760 | 0.3472 | 62.2991 | 89.7957 | 0.2238 | 0.3218 | 6.0497
8 | 6.7157 | 0.3102 | 0.7069 | 0.2480 | 1.2429 | 9.6468 | 0.2930 | 0.3482 | 6.2266 | 72.3728 | 0.2854 | 0.7708 | 0.3558 | 55.9600 | 85.9590 | 0.2290 | 0.2750 | 6.0575
9 | 6.4478 | 0.3074 | 0.7074 | 0.2712 | 1.2435 | 9.0688 | 0.2925 | 0.2983 | 6.2263 | 66.3522 | 0.2895 | 0.7621 | 0.3734 | 47.3200 | 82.5312 | 0.2377 | 0.2415 | 6.0667
10 | 6.2127 | 0.3035 | 0.7081 | 0.2993 | 1.2443 | 8.5480 | 0.2918 | 0.2604 | 6.2260 | 63.2811 | 0.2774 | 0.7647 | 0.3955 | 43.3631 | 80.3214 | 0.2351 | 0.2134 | 6.0721
11 | 6.0901 | 0.2993 | 0.7088 | 0.3288 | 1.2448 | 8.2503 | 0.2911 | 0.2345 | 6.2255 | 62.4108 | 0.2799 | 0.7636 | 0.4157 | 42.5312 | 79.3674 | 0.2363 | 0.1956 | 6.1282
12 | 6.0210 | 0.2964 | 0.7095 | 0.3525 | 1.2452 | 8.0689 | 0.2904 | 0.2199 | 6.2255 | 61.1909 | 0.2769 | 0.7657 | 0.4332 | 40.9141 | 78.5113 | 0.2342 | 0.1850 | 6.1286
13 | 6.0585 | 0.2933 | 0.7101 | 0.3706 | 1.2457 | 8.1121 | 0.2898 | 0.2107 | 6.2253 | 60.9136 | 0.2728 | 0.7716 | 0.4459 | 40.5251 | 78.3164 | 0.2283 | 0.1804 | 6.1420
14 | 6.1198 | 0.2910 | 0.7106 | 0.3848 | 1.2463 | 8.2094 | 0.2893 | 0.2051 | 6.2251 | 59.6150 | 0.2724 | 0.7673 | 0.4563 | 39.0756 | 77.1534 | 0.2326 | 0.1762 | 6.1990
15 | 6.2699 | 0.2898 | 0.7110 | 0.3945 | 1.2472 | 8.4911 | 0.2889 | 0.2009 | 6.2250 | 59.8843 | 0.2680 | 0.7705 | 0.4649 | 39.3001 | 77.4544 | 0.2294 | 0.1729 | 6.1673
16 | 6.4250 | 0.2884 | 0.7112 | 0.4023 | 1.2475 | 8.7875 | 0.2887 | 0.1979 | 6.2248 | 59.1496 | 0.2654 | 0.7699 | 0.4695 | 38.6218 | 76.6593 | 0.2300 | 0.1712 | 6.1890
17 | 6.6726 | 0.2875 | 0.7115 | 0.4098 | 1.2481 | 9.2687 | 0.2884 | 0.1962 | 6.2247 | 58.3005 | 0.2632 | 0.7721 | 0.4743 | 37.4498 | 76.1214 | 0.2278 | 0.1706 | 6.2130
18 | 7.1862 | 0.2868 | 0.7116 | 0.4162 | 1.2484 | 10.2837 | 0.2883 | 0.1951 | 6.2245 | 58.7727 | 0.2621 | 0.7715 | 0.4800 | 37.6224 | 76.8846 | 0.2284 | 0.1709 | 6.2195
19 | 7.7797 | 0.2865 | 0.7117 | 0.4216 | 1.2486 | 11.4602 | 0.2882 | 0.1943 | 6.2242 | 59.6280 | 0.2592 | 0.7718 | 0.4837 | 38.6263 | 77.5895 | 0.2280 | 0.1691 | 6.2178
20 | 8.2665 | 0.2862 | 0.7118 | 0.4266 | 1.2488 | 12.4238 | 0.2881 | 0.1935 | 6.2242 | 56.8473 | 0.2624 | 0.7710 | 0.4865 | 36.1517 | 74.4920 | 0.2288 | 0.1698 | 6.2133
21 | 8.6041 | 0.2864 | 0.7119 | 0.4290 | 1.2488 | 13.0939 | 0.2880 | 0.1925 | 6.2238 | 59.1585 | 0.2580 | 0.7718 | 0.4873 | 37.2284 | 78.0419 | 0.2280 | 0.1674 | 6.2333
22 | 8.7161 | 0.2865 | 0.7120 | 0.4295 | 1.2490 | 13.3163 | 0.2879 | 0.1915 | 6.2237 | 58.9763 | 0.2572 | 0.7755 | 0.4877 | 36.6936 | 78.2049 | 0.2243 | 0.1668 | 6.2425
23 | 8.8640 | 0.2869 | 0.7120 | 0.4293 | 1.2493 | 13.6114 | 0.2879 | 0.1902 | 6.2235 | 58.5467 | 0.2488 | 0.7779 | 0.4866 | 36.3667 | 77.6859 | 0.2219 | 0.1664 | 6.2468
24 | 8.9568 | 0.2872 | 0.7120 | 0.4284 | 1.2493 | 13.7980 | 0.2879 | 0.1887 | 6.2233 | 59.6735 | 0.2440 | 0.7825 | 0.4892 | 38.2399 | 78.0591 | 0.2173 | 0.1648 | 6.2701
25 | 9.0902 | 0.2875 | 0.7121 | 0.4291 | 1.2498 | 14.0623 | 0.2878 | 0.1870 | 6.2232 | 58.9201 | 0.2510 | 0.7792 | 0.4886 | 36.4984 | 78.2897 | 0.2206 | 0.1633 | 6.2552
26 | 9.3718 | 0.2879 | 0.7121 | 0.4291 | 1.2502 | 14.6244 | 0.2878 | 0.1851 | 6.2230 | 59.2132 | 0.2430 | 0.7806 | 0.4907 | 37.0927 | 78.2876 | 0.2192 | 0.1619 | 6.2801
27 | 9.6092 | 0.2877 | 0.7122 | 0.4314 | 1.2504 | 15.0942 | 0.2877 | 0.1831 | 6.2228 | 59.0634 | 0.2392 | 0.7840 | 0.4922 | 37.9521 | 77.1276 | 0.2157 | 0.1599 | 6.2715
28 | 9.7162 | 0.2875 | 0.7123 | 0.4344 | 1.2505 | 15.3025 | 0.2876 | 0.1812 | 6.2225 | 59.0937 | 0.2446 | 0.7843 | 0.4956 | 36.4114 | 78.7108 | 0.2154 | 0.1577 | 6.2668
29 | 9.8087 | 0.2872 | 0.7124 | 0.4393 | 1.2511 | 15.4776 | 0.2875 | 0.1787 | 6.2220 | 59.5959 | 0.2354 | 0.7896 | 0.5001 | 36.5312 | 79.5898 | 0.2101 | 0.1553 | 6.3047
30 | 10.0002 | 0.2862 | 0.7126 | 0.4453 | 1.2510 | 15.8503 | 0.2873 | 0.1760 | 6.2216 | 59.3015 | 0.2363 | 0.7925 | 0.5068 | 36.0944 | 79.4179 | 0.2072 | 0.1529 | 6.2937
31 | 10.2411 | 0.2856 | 0.7128 | 0.4509 | 1.2510 | 16.3218 | 0.2871 | 0.1734 | 6.2212 | 60.2855 | 0.2400 | 0.7969 | 0.5090 | 37.5154 | 79.9447 | 0.2028 | 0.1519 | 6.2954
32 | 10.5310 | 0.2859 | 0.7129 | 0.4513 | 1.2511 | 16.8997 | 0.2870 | 0.1711 | 6.2211 | 59.8638 | 0.2383 | 0.7950 | 0.5089 | 36.7324 | 79.8909 | 0.2047 | 0.1482 | 6.3037
33 | 10.8484 | 0.2858 | 0.7130 | 0.4538 | 1.2513 | 17.5295 | 0.2869 | 0.1692 | 6.2208 | 60.9783 | 0.2393 | 0.7943 | 0.5102 | 36.7040 | 82.1456 | 0.2054 | 0.1473 | 6.2949
34 | 11.3702 | 0.2858 | 0.7131 | 0.4542 | 1.2512 | 18.5721 | 0.2868 | 0.1678 | 6.2207 | 62.8075 | 0.2343 | 0.7971 | 0.5097 | 38.3985 | 84.1094 | 0.2025 | 0.1461 | 6.3391
35 | 11.7653 | 0.2864 | 0.7132 | 0.4534 | 1.2514 | 19.3625 | 0.2867 | 0.1664 | 6.2205 | 62.5068 | 0.2400 | 0.7993 | 0.5065 | 37.5235 | 84.3756 | 0.2004 | 0.1456 | 6.3256
36 | 11.8858 | 0.2865 | 0.7132 | 0.4510 | 1.2514 | 19.6083 | 0.2867 | 0.1654 | 6.2204 | 62.9241 | 0.2401 | 0.8011 | 0.5074 | 37.7065 | 85.0212 | 0.1985 | 0.1440 | 6.3250
37 | 12.2471 | 0.2868 | 0.7132 | 0.4504 | 1.2514 | 20.3313 | 0.2867 | 0.1646 | 6.2202 | 64.0209 | 0.2357 | 0.7992 | 0.5039 | 38.8833 | 86.0579 | 0.2004 | 0.1438 | 6.3266
38 | 12.6183 | 0.2879 | 0.7132 | 0.4461 | 1.2514 | 21.0801 | 0.2867 | 0.1638 | 6.2204 | 64.4165 | 0.2382 | 0.8001 | 0.5011 | 38.5564 | 87.1726 | 0.1995 | 0.1438 | 6.3404
39 | 12.9787 | 0.2888 | 0.7132 | 0.4441 | 1.2514 | 21.8030 | 0.2867 | 0.1630 | 6.2203 | 64.3688 | 0.2373 | 0.7964 | 0.4997 | 37.8044 | 87.8421 | 0.2032 | 0.1423 | 6.3347
40 | 13.3859 | 0.2891 | 0.7132 | 0.4429 | 1.2514 | 22.6191 | 0.2867 | 0.1621 | 6.2202 | 65.4323 | 0.2405 | 0.8002 | 0.4976 | 39.0248 | 88.7397 | 0.1994 | 0.1404 | 6.3292
41 | 13.6670 | 0.2892 | 0.7133 | 0.4420 | 1.2513 | 23.1830 | 0.2866 | 0.1615 | 6.2201 | 66.0462 | 0.2343 | 0.7989 | 0.4960 | 40.0200 | 88.9872 | 0.2007 | 0.1419 | 6.3555
42 | 14.0289 | 0.2883 | 0.7132 | 0.4408 | 1.2515 | 23.9109 | 0.2867 | 0.1630 | 6.2202 | 63.2213 | 0.2392 | 0.7952 | 0.4923 | 37.2613 | 86.1052 | 0.2045 | 0.1442 | 6.3255
43 | 14.3263 | 0.2877 | 0.7131 | 0.4366 | 1.2517 | 24.5154 | 0.2868 | 0.1661 | 6.2208 | 58.1414 | 0.2331 | 0.7882 | 0.4868 | 34.1368 | 79.1034 | 0.2115 | 0.1482 | 6.3516
44 | 14.7320 | 0.2870 | 0.7130 | 0.4350 | 1.2522 | 25.3311 | 0.2869 | 0.1691 | 6.2219 | 52.4376 | 0.2316 | 0.7839 | 0.4752 | 30.9364 | 70.9300 | 0.2157 | 0.1524 | 6.3566
45 | 14.5772 | 0.2873 | 0.7128 | 0.4292 | 1.2526 | 25.0323 | 0.2871 | 0.1705 | 6.2225 | 51.1324 | 0.2344 | 0.7794 | 0.4697 | 30.1429 | 69.1315 | 0.2203 | 0.1531 | 6.3290
46 | 14.3755 | 0.2885 | 0.7127 | 0.4224 | 1.2527 | 24.6400 | 0.2872 | 0.1707 | 6.2229 | 51.2529 | 0.2335 | 0.7796 | 0.4654 | 30.5897 | 68.9340 | 0.2201 | 0.1531 | 6.3436
47 | 14.1329 | 0.2890 | 0.7127 | 0.4177 | 1.2525 | 24.1635 | 0.2872 | 0.1701 | 6.2231 | 50.3481 | 0.2326 | 0.7772 | 0.4606 | 30.1462 | 67.5845 | 0.2225 | 0.1525 | 6.3388
48 | 14.0310 | 0.2902 | 0.7126 | 0.4112 | 1.2526 | 23.9704 | 0.2873 | 0.1690 | 6.2233 | 49.7084 | 0.2346 | 0.7772 | 0.4563 | 29.9602 | 66.4969 | 0.2225 | 0.1515 | 6.3304
49 | 13.9170 | 0.2910 | 0.7125 | 0.4069 | 1.2527 | 23.7496 | 0.2874 | 0.1680 | 6.2233 | 49.1674 | 0.2348 | 0.7762 | 0.4530 | 29.3885 | 65.9922 | 0.2235 | 0.1498 | 6.3527
50 | 13.8949 | 0.2922 | 0.7125 | 0.4019 | 1.2524 | 23.7133 | 0.2874 | 0.1668 | 6.2235 | 49.1650 | 0.2349 | 0.7754 | 0.4489 | 29.5143 | 65.8715 | 0.2243 | 0.1493 | 6.3480
51 | 13.8258 | 0.2936 | 0.7124 | 0.3966 | 1.2522 | 23.5832 | 0.2874 | 0.1661 | 6.2238 | 48.8862 | 0.2362 | 0.7727 | 0.4426 | 29.1007 | 65.7422 | 0.2270 | 0.1493 | 6.3529
52 | 13.8311 | 0.2951 | 0.7124 | 0.3921 | 1.2522 | 23.5998 | 0.2875 | 0.1649 | 6.2238 | 48.5962 | 0.2383 | 0.7745 | 0.4382 | 28.7323 | 65.5318 | 0.2252 | 0.1472 | 6.3503
53 | 13.7727 | 0.2962 | 0.7124 | 0.3877 | 1.2520 | 23.4900 | 0.2875 | 0.1636 | 6.2240 | 49.1142 | 0.2386 | 0.7753 | 0.4328 | 28.9065 | 66.4038 | 0.2244 | 0.1476 | 6.3399
54 | 13.8089 | 0.2971 | 0.7124 | 0.3830 | 1.2520 | 23.5698 | 0.2875 | 0.1626 | 6.2241 | 49.2609 | 0.2373 | 0.7739 | 0.4320 | 29.1057 | 66.5031 | 0.2258 | 0.1457 | 6.3537
55 | 13.7802 | 0.2972 | 0.7125 | 0.3815 | 1.2517 | 23.5155 | 0.2874 | 0.1615 | 6.2240 | 49.1712 | 0.2393 | 0.7742 | 0.4302 | 28.9438 | 66.4857 | 0.2255 | 0.1447 | 6.3471
56 | 14.0154 | 0.2982 | 0.7125 | 0.3784 | 1.2514 | 23.9902 | 0.2874 | 0.1610 | 6.2241 | 49.3310 | 0.2386 | 0.7718 | 0.4269 | 28.6934 | 67.0685 | 0.2279 | 0.1445 | 6.3464
57 | 14.1861 | 0.2993 | 0.7125 | 0.3747 | 1.2513 | 24.3368 | 0.2874 | 0.1600 | 6.2241 | 48.8263 | 0.2395 | 0.7730 | 0.4230 | 28.5443 | 66.2109 | 0.2266 | 0.1429 | 6.3530
58 | 14.3761 | 0.3001 | 0.7125 | 0.3715 | 1.2509 | 24.7222 | 0.2874 | 0.1595 | 6.2244 | 49.4366 | 0.2399 | 0.7726 | 0.4217 | 29.1433 | 66.8365 | 0.2270 | 0.1434 | 6.3421
59 | 14.7428 | 0.3008 | 0.7125 | 0.3699 | 1.2509 | 25.4571 | 0.2874 | 0.1591 | 6.2244 | 49.3544 | 0.2391 | 0.7707 | 0.4182 | 28.7935 | 67.0314 | 0.2290 | 0.1432 | 6.3638
60 | 14.9181 | 0.3018 | 0.7125 | 0.3658 | 1.2505 | 25.8144 | 0.2874 | 0.1585 | 6.2245 | 48.8416 | 0.2400 | 0.7696 | 0.4156 | 28.2006 | 66.6062 | 0.2301 | 0.1424 | 6.3491
61 | 15.0071 | 0.3029 | 0.7126 | 0.3624 | 1.2502 | 25.9971 | 0.2873 | 0.1580 | 6.2247 | 48.6593 | 0.2413 | 0.7712 | 0.4126 | 28.1369 | 66.3061 | 0.2285 | 0.1419 | 6.3456
62 | 15.3209 | 0.3038 | 0.7126 | 0.3600 | 1.2500 | 26.6281 | 0.2873 | 0.1576 | 6.2249 | 48.6173 | 0.2418 | 0.7693 | 0.4104 | 27.9768 | 66.3886 | 0.2304 | 0.1414 | 6.3540
63 | 15.7607 | 0.3047 | 0.7127 | 0.3583 | 1.2498 | 27.5092 | 0.2872 | 0.1570 | 6.2249 | 49.0157 | 0.2424 | 0.7702 | 0.4074 | 28.4513 | 66.7138 | 0.2295 | 0.1407 | 6.3516
64 | 15.9975 | 0.3052 | 0.7128 | 0.3556 | 1.2491 | 27.9877 | 0.2871 | 0.1562 | 6.2251 | 48.7797 | 0.2411 | 0.7687 | 0.4066 | 27.9897 | 66.7111 | 0.2310 | 0.1405 | 6.3503
65 | 16.1039 | 0.3045 | 0.7128 | 0.3541 | 1.2477 | 28.2061 | 0.2871 | 0.1556 | 6.2251 | 48.4558 | 0.2421 | 0.7666 | 0.4045 | 27.6271 | 66.4322 | 0.2331 | 0.1404 | 6.3501
66 | 16.4539 | 0.3049 | 0.7129 | 0.3504 | 1.2465 | 28.9140 | 0.2870 | 0.1560 | 6.2257 | 48.2624 | 0.2448 | 0.7665 | 0.3998 | 27.0664 | 66.6106 | 0.2332 | 0.1407 | 6.3469
67 | 17.0341 | 0.3060 | 0.7129 | 0.3466 | 1.2463 | 30.0797 | 0.2870 | 0.1562 | 6.2259 | 48.0587 | 0.2434 | 0.7644 | 0.3974 | 26.8888 | 66.3909 | 0.2353 | 0.1410 | 6.3601
68 | 17.4844 | 0.3069 | 0.7130 | 0.3444 | 1.2457 | 30.9833 | 0.2869 | 0.1558 | 6.2261 | 48.4518 | 0.2430 | 0.7634 | 0.3944 | 26.6757 | 67.3989 | 0.2363 | 0.1412 | 6.3612
69 | 17.7806 | 0.3074 | 0.7131 | 0.3422 | 1.2450 | 31.5796 | 0.2868 | 0.1556 | 6.2264 | 48.4465 | 0.2436 | 0.7642 | 0.3910 | 26.7129 | 67.3548 | 0.2355 | 0.1410 | 6.3641
70 | 18.1455 | 0.3083 | 0.7131 | 0.3397 | 1.2445 | 32.3131 | 0.2867 | 0.1554 | 6.2267 | 48.2110 | 0.2445 | 0.7621 | 0.3885 | 25.8848 | 67.7169 | 0.2376 | 0.1410 | 6.3780
71 | 18.3580 | 0.3091 | 0.7132 | 0.3378 | 1.2440 | 32.7404 | 0.2866 | 0.1549 | 6.2268 | 48.5237 | 0.2437 | 0.7615 | 0.3859 | 26.0160 | 68.2214 | 0.2382 | 0.1408 | 6.3644
72 | 18.7048 | 0.3097 | 0.7133 | 0.3357 | 1.2436 | 33.4374 | 0.2865 | 0.1540 | 6.2269 | 48.9107 | 0.2434 | 0.7597 | 0.3843 | 25.7864 | 69.2321 | 0.2400 | 0.1399 | 6.3660
73 | 19.0167 | 0.3102 | 0.7134 | 0.3338 | 1.2431 | 34.0643 | 0.2865 | 0.1534 | 6.2271 | 48.8320 | 0.2435 | 0.7606 | 0.3824 | 25.4585 | 69.4044 | 0.2391 | 0.1395 | 6.3667
74 | 19.2725 | 0.3108 | 0.7134 | 0.3319 | 1.2425 | 34.5789 | 0.2864 | 0.1528 | 6.2271 | 48.5740 | 0.2432 | 0.7602 | 0.3797 | 25.7126 | 68.6408 | 0.2394 | 0.1387 | 6.3666
75 | 19.4858 | 0.3112 | 0.7135 | 0.3303 | 1.2420 | 35.0083 | 0.2864 | 0.1520 | 6.2273 | 48.7278 | 0.2442 | 0.7606 | 0.3774 | 25.4086 | 69.2551 | 0.2391 | 0.1382 | 6.3636
76 | 19.6178 | 0.3119 | 0.7136 | 0.3285 | 1.2413 | 35.2752 | 0.2863 | 0.1512 | 6.2275 | 48.5192 | 0.2435 | 0.7603 | 0.3765 | 25.0338 | 69.2154 | 0.2394 | 0.1375 | 6.3687
77 | 19.7954 | 0.3121 | 0.7137 | 0.3278 | 1.2407 | 35.6317 | 0.2862 | 0.1505 | 6.2275 | 48.3475 | 0.2446 | 0.7599 | 0.3746 | 24.6576 | 69.2513 | 0.2398 | 0.1370 | 6.3639
78 | 19.8443 | 0.3122 | 0.7137 | 0.3266 | 1.2402 | 35.7319 | 0.2862 | 0.1498 | 6.2276 | 47.8073 | 0.2443 | 0.7609 | 0.3737 | 24.1518 | 68.6763 | 0.2387 | 0.1358 | 6.3696
79 | 19.9012 | 0.3123 | 0.7138 | 0.3258 | 1.2391 | 35.8482 | 0.2860 | 0.1490 | 6.2277 | 47.6068 | 0.2435 | 0.7598 | 0.3733 | 23.8803 | 68.5529 | 0.2399 | 0.1360 | 6.3593
80 | 19.9568 | 0.3121 | 0.7139 | 0.3250 | 1.2383 | 35.9616 | 0.2859 | 0.1483 | 6.2279 | 47.1020 | 0.2433 | 0.7598 | 0.3720 | 23.6060 | 67.8199 | 0.2398 | 0.1353 | 6.3636
81 | 19.9395 | 0.3122 | 0.7141 | 0.3240 | 1.2375 | 35.9295 | 0.2858 | 0.1477 | 6.2280 | 46.9221 | 0.2426 | 0.7602 | 0.3710 | 23.3893 | 67.6786 | 0.2395 | 0.1344 | 6.3708
82 | 19.8828 | 0.3121 | 0.7142 | 0.3232 | 1.2365 | 35.8189 | 0.2857 | 0.1472 | 6.2282 | 45.9707 | 0.2434 | 0.7599 | 0.3697 | 22.5592 | 66.6088 | 0.2398 | 0.1342 | 6.3611
83 | 19.8025 | 0.3120 | 0.7143 | 0.3224 | 1.2352 | 35.6610 | 0.2856 | 0.1467 | 6.2286 | 44.5869 | 0.2421 | 0.7597 | 0.3688 | 22.0208 | 64.3835 | 0.2400 | 0.1340 | 6.3667
84 | 19.7070 | 0.3116 | 0.7145 | 0.3218 | 1.2339 | 35.4728 | 0.2854 | 0.1461 | 6.2289 | 43.7865 | 0.2420 | 0.7589 | 0.3671 | 21.8397 | 62.9696 | 0.2408 | 0.1340 | 6.3615
85 | 19.6536 | 0.3116 | 0.7146 | 0.3205 | 1.2333 | 35.3688 | 0.2853 | 0.1454 | 6.2292 | 43.0044 | 0.2432 | 0.7599 | 0.3659 | 21.1413 | 62.1028 | 0.2398 | 0.1326 | 6.3566
86 | 19.6936 | 0.3115 | 0.7147 | 0.3195 | 1.2323 | 35.4520 | 0.2851 | 0.1445 | 6.2295 | 42.5941 | 0.2427 | 0.7592 | 0.3647 | 20.7577 | 61.6710 | 0.2405 | 0.1322 | 6.3535
87 | 19.6720 | 0.3113 | 0.7149 | 0.3191 | 1.2312 | 35.4105 | 0.2850 | 0.1436 | 6.2297 | 42.2363 | 0.2425 | 0.7597 | 0.3641 | 20.5459 | 61.1681 | 0.2400 | 0.1312 | 6.3493
88 | 19.6723 | 0.3111 | 0.7150 | 0.3190 | 1.2305 | 35.4124 | 0.2849 | 0.1425 | 6.2300 | 41.8697 | 0.2421 | 0.7591 | 0.3634 | 20.1885 | 60.7961 | 0.2406 | 0.1307 | 6.3479
89 | 19.6498 | 0.3110 | 0.7152 | 0.3189 | 1.2300 | 35.3679 | 0.2847 | 0.1414 | 6.2302 | 41.6277 | 0.2433 | 0.7597 | 0.3634 | 19.6514 | 60.8478 | 0.2400 | 0.1298 | 6.3340
90 | 19.6576 | 0.3108 | 0.7153 | 0.3192 | 1.2292 | 35.3837 | 0.2846 | 0.1402 | 6.2303 | 41.6444 | 0.2432 | 0.7608 | 0.3633 | 19.7508 | 60.7801 | 0.2390 | 0.1279 | 6.3326
91 | 19.6116 | 0.3107 | 0.7155 | 0.3193 | 1.2285 | 35.2922 | 0.2844 | 0.1390 | 6.2305 | 41.5513 | 0.2431 | 0.7600 | 0.3628 | 19.7086 | 60.6391 | 0.2397 | 0.1274 | 6.3301
92 | 19.5772 | 0.3107 | 0.7156 | 0.3192 | 1.2279 | 35.2238 | 0.2843 | 0.1379 | 6.2306 | 41.4509 | 0.2429 | 0.7600 | 0.3628 | 19.5470 | 60.6003 | 0.2397 | 0.1265 | 6.3290
93 | 19.5780 | 0.3105 | 0.7157 | 0.3196 | 1.2270 | 35.2257 | 0.2842 | 0.1368 | 6.2307 | 41.5306 | 0.2431 | 0.7602 | 0.3631 | 19.5304 | 60.7747 | 0.2395 | 0.1255 | 6.3308
94 | 19.5690 | 0.3104 | 0.7159 | 0.3201 | 1.2267 | 35.2069 | 0.2840 | 0.1359 | 6.2306 | 41.5459 | 0.2430 | 0.7604 | 0.3636 | 19.4695 | 60.8658 | 0.2393 | 0.1247 | 6.3243
95 | 19.5410 | 0.3103 | 0.7160 | 0.3206 | 1.2260 | 35.1507 | 0.2839 | 0.1350 | 6.2306 | 41.4586 | 0.2432 | 0.7608 | 0.3639 | 19.4058 | 60.7534 | 0.2389 | 0.1239 | 6.3216
96 | 19.5106 | 0.3102 | 0.7160 | 0.3208 | 1.2253 | 35.0900 | 0.2838 | 0.1343 | 6.2306 | 41.4394 | 0.2433 | 0.7606 | 0.3639 | 19.3709 | 60.7503 | 0.2392 | 0.1235 | 6.3204
97 | 19.5243 | 0.3103 | 0.7161 | 0.3207 | 1.2250 | 35.1177 | 0.2838 | 0.1338 | 6.2305 | 41.4557 | 0.2433 | 0.7607 | 0.3639 | 19.3433 | 60.8105 | 0.2390 | 0.1231 | 6.3183
98 | 19.5561 | 0.3104 | 0.7162 | 0.3207 | 1.2248 | 35.1811 | 0.2837 | 0.1335 | 6.2305 | 41.4552 | 0.2433 | 0.7607 | 0.3638 | 19.3381 | 60.8148 | 0.2390 | 0.1228 | 6.3179
99 | 19.5603 | 0.3104 | 0.7162 | 0.3208 | 1.2246 | 35.1895 | 0.2837 | 0.1333 | 6.2303 | 41.4208 | 0.2434 | 0.7608 | 0.3641 | 19.3204 | 60.7631 | 0.2390 | 0.1227 | 6.3182
100 | 19.5628 | 0.3104 | 0.7162 | 0.3209 | 1.2245 | 35.1944 | 0.2837 | 0.1333 | 6.2299 | 41.4444 | 0.2434 | 0.7608 | 0.3640 | 19.3292 | 60.8017 | 0.2390 | 0.1227 | 6.3177
epoch | loss | sim_loss | var_pred | var_target | cov_pred | cov_target | feat_std | feat_std_ctx | feat_norm | val_loss | val_sim_loss | val_var_pred | val_var_target | val_cov_pred | val_cov_target | val_feat_std | val_feat_std_ctx | val_feat_norm
1 | 39.5266 | 0.3647 | 0.6985 | 0.4076 | 1.3554 | 74.7448 | 0.3014 | 0.6212 | 7.2077 | 125.7563 | 0.2736 | 0.8649 | 0.4141 | 91.8794 | 156.2113 | 0.1347 | 0.5981 | 5.7373
2 | 16.3116 | 0.3839 | 0.6681 | 0.1492 | 1.2385 | 28.9705 | 0.3318 | 0.8387 | 7.2160 | 87.1256 | 0.2701 | 0.8097 | 0.2919 | 71.8200 | 99.4781 | 0.1900 | 0.6727 | 5.9755
3 | 10.2027 | 0.3754 | 0.6643 | 0.1343 | 1.2434 | 16.8022 | 0.3357 | 0.7929 | 7.2220 | 74.5213 | 0.2703 | 0.7767 | 0.2644 | 65.9723 | 80.3484 | 0.2231 | 0.6442 | 6.2951
4 | 7.4210 | 0.3590 | 0.6617 | 0.1478 | 1.2456 | 11.2473 | 0.3382 | 0.7148 | 7.2248 | 61.7319 | 0.2752 | 0.7502 | 0.2589 | 53.7430 | 67.1321 | 0.2496 | 0.5813 | 6.6920
5 | 6.1762 | 0.3383 | 0.6609 | 0.1753 | 1.2476 | 8.7436 | 0.3391 | 0.6174 | 7.2276 | 47.6910 | 0.2826 | 0.7319 | 0.2708 | 40.5297 | 52.2796 | 0.2680 | 0.5075 | 6.9352
6 | 5.6436 | 0.3208 | 0.6608 | 0.2068 | 1.2482 | 7.6502 | 0.3391 | 0.5184 | 7.2288 | 39.6166 | 0.2751 | 0.7194 | 0.2910 | 32.4015 | 44.2582 | 0.2805 | 0.4297 | 7.0745
7 | 5.2651 | 0.3098 | 0.6610 | 0.2312 | 1.2481 | 6.8660 | 0.3389 | 0.4280 | 7.2293 | 36.2162 | 0.2722 | 0.7181 | 0.3026 | 28.5051 | 41.3359 | 0.2819 | 0.3516 | 7.1317
8 | 5.0362 | 0.3057 | 0.6613 | 0.2437 | 1.2486 | 6.3906 | 0.3386 | 0.3538 | 7.2302 | 34.9116 | 0.2734 | 0.7150 | 0.3086 | 26.9858 | 40.2359 | 0.2850 | 0.2938 | 7.1729
9 | 4.8563 | 0.3055 | 0.6616 | 0.2511 | 1.2497 | 6.0146 | 0.3384 | 0.2982 | 7.2313 | 33.6395 | 0.2778 | 0.7136 | 0.3141 | 24.9749 | 39.6835 | 0.2864 | 0.2517 | 7.1987
10 | 4.7509 | 0.3050 | 0.6619 | 0.2619 | 1.2505 | 5.7817 | 0.3380 | 0.2589 | 7.2321 | 32.6661 | 0.2762 | 0.7123 | 0.3229 | 23.0989 | 39.5986 | 0.2880 | 0.2238 | 7.2244
11 | 4.7123 | 0.3022 | 0.6624 | 0.2755 | 1.2504 | 5.6820 | 0.3375 | 0.2334 | 7.2325 | 32.8694 | 0.2722 | 0.7149 | 0.3412 | 23.3665 | 39.7041 | 0.2856 | 0.2062 | 7.2255
12 | 4.6892 | 0.2973 | 0.6631 | 0.2942 | 1.2497 | 5.6077 | 0.3368 | 0.2199 | 7.2326 | 32.1980 | 0.2646 | 0.7173 | 0.3540 | 22.1179 | 39.5932 | 0.2832 | 0.1981 | 7.2397
13 | 4.6744 | 0.2937 | 0.6637 | 0.3096 | 1.2497 | 5.5529 | 0.3362 | 0.2138 | 7.2325 | 32.1081 | 0.2584 | 0.7199 | 0.3727 | 21.8764 | 39.6253 | 0.2807 | 0.1926 | 7.2331
14 | 4.6514 | 0.2908 | 0.6644 | 0.3245 | 1.2498 | 5.4816 | 0.3356 | 0.2111 | 7.2326 | 31.9738 | 0.2545 | 0.7232 | 0.3825 | 21.7762 | 39.4369 | 0.2774 | 0.1905 | 7.2522
15 | 4.6162 | 0.2884 | 0.6649 | 0.3367 | 1.2495 | 5.3909 | 0.3350 | 0.2101 | 7.2325 | 31.9667 | 0.2520 | 0.7240 | 0.3902 | 21.8438 | 39.3435 | 0.2765 | 0.1914 | 7.2464
16 | 4.5792 | 0.2868 | 0.6652 | 0.3427 | 1.2497 | 5.3073 | 0.3347 | 0.2106 | 7.2328 | 32.0942 | 0.2502 | 0.7256 | 0.3955 | 21.8043 | 39.6276 | 0.2750 | 0.1911 | 7.2469
17 | 4.5583 | 0.2858 | 0.6655 | 0.3471 | 1.2496 | 5.2580 | 0.3344 | 0.2110 | 7.2328 | 32.0146 | 0.2472 | 0.7266 | 0.3988 | 21.6018 | 39.6686 | 0.2739 | 0.1923 | 7.2443
18 | 4.5507 | 0.2839 | 0.6658 | 0.3550 | 1.2497 | 5.2301 | 0.3341 | 0.2110 | 7.2325 | 31.8570 | 0.2456 | 0.7284 | 0.4075 | 21.4329 | 39.5025 | 0.2723 | 0.1917 | 7.2627
19 | 4.5351 | 0.2819 | 0.6661 | 0.3595 | 1.2485 | 5.1948 | 0.3339 | 0.2117 | 7.2328 | 31.5364 | 0.2407 | 0.7300 | 0.4122 | 21.3742 | 38.9172 | 0.2707 | 0.1913 | 7.2640
20 | 4.5394 | 0.2800 | 0.6663 | 0.3658 | 1.2486 | 5.1940 | 0.3337 | 0.2114 | 7.2326 | 31.6022 | 0.2405 | 0.7307 | 0.4173 | 21.6580 | 38.7536 | 0.2700 | 0.1919 | 7.2665
21 | 4.5169 | 0.2785 | 0.6664 | 0.3701 | 1.2479 | 5.1439 | 0.3335 | 0.2113 | 7.2325 | 31.5700 | 0.2372 | 0.7309 | 0.4195 | 21.7390 | 38.6076 | 0.2699 | 0.1910 | 7.2872
22 | 4.5122 | 0.2775 | 0.6664 | 0.3709 | 1.2476 | 5.1351 | 0.3335 | 0.2103 | 7.2326 | 31.9775 | 0.2343 | 0.7333 | 0.4232 | 22.0180 | 39.1374 | 0.2676 | 0.1887 | 7.2869
23 | 4.5304 | 0.2765 | 0.6665 | 0.3753 | 1.2481 | 5.1642 | 0.3335 | 0.2095 | 7.2323 | 31.9064 | 0.2349 | 0.7344 | 0.4263 | 21.6956 | 39.3076 | 0.2665 | 0.1866 | 7.2867
24 | 4.5542 | 0.2754 | 0.6665 | 0.3783 | 1.2477 | 5.2084 | 0.3334 | 0.2083 | 7.2322 | 32.1570 | 0.2300 | 0.7351 | 0.4315 | 22.2739 | 39.2267 | 0.2659 | 0.1859 | 7.3045
25 | 4.5704 | 0.2741 | 0.6665 | 0.3818 | 1.2475 | 5.2363 | 0.3334 | 0.2067 | 7.2319 | 33.0112 | 0.2272 | 0.7375 | 0.4334 | 23.0943 | 40.1119 | 0.2635 | 0.1826 | 7.3016
26 | 4.5896 | 0.2743 | 0.6664 | 0.3805 | 1.2472 | 5.2775 | 0.3335 | 0.2053 | 7.2317 | 33.1762 | 0.2266 | 0.7372 | 0.4288 | 23.3892 | 40.1559 | 0.2638 | 0.1828 | 7.3170
27 | 4.6241 | 0.2745 | 0.6663 | 0.3793 | 1.2470 | 5.3488 | 0.3336 | 0.2034 | 7.2316 | 33.2505 | 0.2243 | 0.7392 | 0.4313 | 23.1502 | 40.5395 | 0.2618 | 0.1795 | 7.3155
28 | 4.6580 | 0.2745 | 0.6663 | 0.3792 | 1.2469 | 5.4171 | 0.3336 | 0.2015 | 7.2314 | 33.1014 | 0.2273 | 0.7379 | 0.4276 | 22.7765 | 40.6202 | 0.2632 | 0.1781 | 7.3057
29 | 4.6958 | 0.2749 | 0.6661 | 0.3758 | 1.2466 | 5.4994 | 0.3338 | 0.1997 | 7.2313 | 33.5061 | 0.2208 | 0.7384 | 0.4262 | 23.9367 | 40.2816 | 0.2627 | 0.1768 | 7.3257
30 | 4.7378 | 0.2752 | 0.6661 | 0.3733 | 1.2467 | 5.5879 | 0.3339 | 0.1978 | 7.2313 | 33.1778 | 0.2241 | 0.7389 | 0.4220 | 23.7260 | 39.8389 | 0.2622 | 0.1755 | 7.3078
31 | 4.7603 | 0.2761 | 0.6659 | 0.3687 | 1.2468 | 5.6404 | 0.3341 | 0.1965 | 7.2311 | 33.5388 | 0.2219 | 0.7386 | 0.4181 | 23.8680 | 40.4315 | 0.2625 | 0.1746 | 7.3100
32 | 4.7599 | 0.2766 | 0.6657 | 0.3658 | 1.2467 | 5.6448 | 0.3342 | 0.1956 | 7.2310 | 33.6295 | 0.2199 | 0.7391 | 0.4160 | 23.9855 | 40.5010 | 0.2620 | 0.1732 | 7.3229
33 | 4.7780 | 0.2772 | 0.6657 | 0.3632 | 1.2465 | 5.6855 | 0.3343 | 0.1944 | 7.2309 | 34.0074 | 0.2234 | 0.7400 | 0.4129 | 24.4341 | 40.8065 | 0.2612 | 0.1721 | 7.3148
34 | 4.7989 | 0.2778 | 0.6656 | 0.3597 | 1.2462 | 5.7336 | 0.3344 | 0.1935 | 7.2307 | 34.6507 | 0.2205 | 0.7383 | 0.4085 | 25.5788 | 40.9651 | 0.2629 | 0.1720 | 7.3252
35 | 4.8329 | 0.2779 | 0.6655 | 0.3578 | 1.2462 | 5.8053 | 0.3344 | 0.1928 | 7.2305 | 34.3729 | 0.2195 | 0.7383 | 0.4071 | 25.0376 | 40.9555 | 0.2629 | 0.1715 | 7.3266
36 | 4.8680 | 0.2780 | 0.6655 | 0.3556 | 1.2458 | 5.8802 | 0.3345 | 0.1916 | 7.2304 | 34.5035 | 0.2195 | 0.7389 | 0.4070 | 24.9267 | 41.3267 | 0.2623 | 0.1707 | 7.3240
37 | 4.8485 | 0.2786 | 0.6654 | 0.3530 | 1.2459 | 5.8451 | 0.3345 | 0.1911 | 7.2302 | 34.1616 | 0.2226 | 0.7386 | 0.4014 | 24.4246 | 41.1508 | 0.2625 | 0.1700 | 7.3220
38 | 4.8470 | 0.2795 | 0.6652 | 0.3479 | 1.2457 | 5.8510 | 0.3347 | 0.1900 | 7.2301 | 34.3842 | 0.2210 | 0.7388 | 0.3981 | 24.8425 | 41.1857 | 0.2624 | 0.1688 | 7.3346
39 | 4.7926 | 0.2803 | 0.6651 | 0.3433 | 1.2456 | 5.7503 | 0.3348 | 0.1892 | 7.2300 | 34.3817 | 0.2240 | 0.7373 | 0.3900 | 24.7423 | 41.2951 | 0.2641 | 0.1678 | 7.3284
40 | 4.7667 | 0.2818 | 0.6649 | 0.3361 | 1.2457 | 5.7103 | 0.3350 | 0.1885 | 7.2300 | 34.5898 | 0.2225 | 0.7356 | 0.3864 | 24.8667 | 41.5999 | 0.2657 | 0.1680 | 7.3321
41 | 4.7232 | 0.2827 | 0.6648 | 0.3304 | 1.2450 | 5.6336 | 0.3352 | 0.1878 | 7.2301 | 34.0830 | 0.2238 | 0.7357 | 0.3823 | 24.5340 | 40.9253 | 0.2657 | 0.1676 | 7.3267
42 | 4.6750 | 0.2832 | 0.6647 | 0.3277 | 1.2450 | 5.5420 | 0.3352 | 0.1872 | 7.2298 | 34.6191 | 0.2235 | 0.7355 | 0.3793 | 25.1087 | 41.4291 | 0.2658 | 0.1669 | 7.3322
43 | 4.6661 | 0.2829 | 0.6647 | 0.3278 | 1.2445 | 5.5251 | 0.3352 | 0.1867 | 7.2296 | 34.3904 | 0.2229 | 0.7349 | 0.3782 | 25.0594 | 41.0249 | 0.2664 | 0.1672 | 7.3363
44 | 4.6715 | 0.2836 | 0.6646 | 0.3248 | 1.2443 | 5.5410 | 0.3353 | 0.1864 | 7.2294 | 34.1601 | 0.2254 | 0.7347 | 0.3775 | 25.1510 | 40.4702 | 0.2666 | 0.1664 | 7.3304
45 | 4.7085 | 0.2835 | 0.6646 | 0.3236 | 1.2437 | 5.6181 | 0.3353 | 0.1862 | 7.2293 | 34.3435 | 0.2232 | 0.7345 | 0.3749 | 25.4521 | 40.5447 | 0.2668 | 0.1660 | 7.3411
46 | 4.7201 | 0.2836 | 0.6646 | 0.3216 | 1.2437 | 5.6450 | 0.3353 | 0.1859 | 7.2293 | 34.5812 | 0.2234 | 0.7351 | 0.3747 | 26.0011 | 40.4685 | 0.2662 | 0.1659 | 7.3508
47 | 4.7264 | 0.2837 | 0.6646 | 0.3207 | 1.2437 | 5.6592 | 0.3353 | 0.1857 | 7.2293 | 34.8873 | 0.2223 | 0.7349 | 0.3718 | 25.8884 | 41.2022 | 0.2665 | 0.1663 | 7.3484
48 | 4.7813 | 0.2833 | 0.6647 | 0.3218 | 1.2432 | 5.7679 | 0.3352 | 0.1855 | 7.2292 | 34.7868 | 0.2229 | 0.7354 | 0.3764 | 25.5363 | 41.3409 | 0.2660 | 0.1657 | 7.3543
49 | 4.7785 | 0.2825 | 0.6649 | 0.3249 | 1.2425 | 5.7581 | 0.3350 | 0.1856 | 7.2289 | 34.9027 | 0.2232 | 0.7354 | 0.3776 | 25.5117 | 41.5946 | 0.2660 | 0.1670 | 7.3536
50 | 4.8051 | 0.2828 | 0.6650 | 0.3246 | 1.2426 | 5.8113 | 0.3350 | 0.1855 | 7.2289 | 35.4168 | 0.2240 | 0.7366 | 0.3741 | 25.7416 | 42.3977 | 0.2649 | 0.1658 | 7.3404
51 | 4.8295 | 0.2831 | 0.6650 | 0.3233 | 1.2419 | 5.8626 | 0.3350 | 0.1850 | 7.2290 | 35.5784 | 0.2231 | 0.7353 | 0.3738 | 26.2150 | 42.2501 | 0.2663 | 0.1657 | 7.3592
52 | 4.9204 | 0.2831 | 0.6651 | 0.3233 | 1.2418 | 6.0442 | 0.3348 | 0.1846 | 7.2290 | 35.6915 | 0.2218 | 0.7353 | 0.3740 | 25.9930 | 42.6995 | 0.2661 | 0.1656 | 7.3635
53 | 4.9983 | 0.2834 | 0.6651 | 0.3212 | 1.2413 | 6.2041 | 0.3348 | 0.1845 | 7.2289 | 36.0038 | 0.2235 | 0.7366 | 0.3703 | 26.3038 | 43.0150 | 0.2649 | 0.1646 | 7.3606
54 | 5.0762 | 0.2832 | 0.6652 | 0.3204 | 1.2410 | 6.3621 | 0.3347 | 0.1839 | 7.2289 | 36.2770 | 0.2213 | 0.7347 | 0.3706 | 26.4195 | 43.4535 | 0.2668 | 0.1648 | 7.3619
55 | 5.1357 | 0.2834 | 0.6653 | 0.3185 | 1.2405 | 6.4848 | 0.3347 | 0.1837 | 7.2288 | 36.5946 | 0.2206 | 0.7346 | 0.3699 | 26.8268 | 43.6825 | 0.2669 | 0.1639 | 7.3737
56 | 5.1899 | 0.2832 | 0.6653 | 0.3182 | 1.2402 | 6.5945 | 0.3346 | 0.1830 | 7.2286 | 36.3912 | 0.2230 | 0.7354 | 0.3692 | 26.2330 | 43.8653 | 0.2661 | 0.1634 | 7.3692
57 | 5.2447 | 0.2834 | 0.6654 | 0.3167 | 1.2394 | 6.7074 | 0.3345 | 0.1825 | 7.2286 | 37.0769 | 0.2223 | 0.7358 | 0.3684 | 26.6691 | 44.8033 | 0.2657 | 0.1635 | 7.3647
58 | 5.2915 | 0.2837 | 0.6654 | 0.3134 | 1.2385 | 6.8079 | 0.3346 | 0.1824 | 7.2287 | 36.6850 | 0.2219 | 0.7357 | 0.3649 | 26.2016 | 44.4944 | 0.2660 | 0.1628 | 7.3684
59 | 5.3211 | 0.2839 | 0.6655 | 0.3120 | 1.2382 | 6.8695 | 0.3344 | 0.1819 | 7.2285 | 36.8899 | 0.2223 | 0.7362 | 0.3643 | 26.2860 | 44.8191 | 0.2655 | 0.1627 | 7.3705
60 | 5.3298 | 0.2839 | 0.6656 | 0.3121 | 1.2369 | 6.8877 | 0.3343 | 0.1815 | 7.2283 | 36.7131 | 0.2209 | 0.7367 | 0.3640 | 26.3292 | 44.4231 | 0.2651 | 0.1621 | 7.3800
61 | 5.3303 | 0.2839 | 0.6657 | 0.3109 | 1.2360 | 6.8918 | 0.3342 | 0.1811 | 7.2283 | 36.6079 | 0.2225 | 0.7355 | 0.3603 | 26.1402 | 44.4085 | 0.2664 | 0.1623 | 7.3784
62 | 5.3411 | 0.2843 | 0.6658 | 0.3082 | 1.2357 | 6.9183 | 0.3342 | 0.1804 | 7.2284 | 36.1580 | 0.2212 | 0.7351 | 0.3610 | 25.6555 | 43.9949 | 0.2669 | 0.1616 | 7.3835
63 | 5.3380 | 0.2844 | 0.6659 | 0.3072 | 1.2347 | 6.9145 | 0.3340 | 0.1798 | 7.2283 | 36.1194 | 0.2230 | 0.7359 | 0.3584 | 25.8346 | 43.7381 | 0.2660 | 0.1611 | 7.3854
64 | 5.3336 | 0.2852 | 0.6659 | 0.3042 | 1.2345 | 6.9102 | 0.3340 | 0.1794 | 7.2284 | 36.1508 | 0.2218 | 0.7355 | 0.3559 | 25.8582 | 43.7862 | 0.2664 | 0.1607 | 7.3821
65 | 5.3448 | 0.2856 | 0.6660 | 0.3031 | 1.2340 | 6.9347 | 0.3339 | 0.1790 | 7.2284 | 36.2982 | 0.2206 | 0.7342 | 0.3555 | 25.8558 | 44.0894 | 0.2678 | 0.1608 | 7.3809
66 | 5.3662 | 0.2858 | 0.6661 | 0.3021 | 1.2338 | 6.9790 | 0.3339 | 0.1786 | 7.2283 | 36.3935 | 0.2216 | 0.7357 | 0.3544 | 25.7750 | 44.3583 | 0.2661 | 0.1598 | 7.3785
67 | 5.4181 | 0.2862 | 0.6661 | 0.3010 | 1.2334 | 7.0846 | 0.3338 | 0.1781 | 7.2284 | 36.5405 | 0.2215 | 0.7345 | 0.3542 | 25.6744 | 44.7557 | 0.2674 | 0.1597 | 7.3805
68 | 5.4946 | 0.2861 | 0.6662 | 0.3010 | 1.2329 | 7.2378 | 0.3337 | 0.1778 | 7.2284 | 36.7348 | 0.2206 | 0.7344 | 0.3540 | 25.7259 | 45.0945 | 0.2675 | 0.1593 | 7.3839
69 | 5.5942 | 0.2860 | 0.6663 | 0.3009 | 1.2327 | 7.4376 | 0.3336 | 0.1773 | 7.2283 | 36.5600 | 0.2208 | 0.7347 | 0.3526 | 25.3460 | 45.1276 | 0.2672 | 0.1592 | 7.3785
70 | 5.6418 | 0.2864 | 0.6663 | 0.2991 | 1.2325 | 7.5358 | 0.3336 | 0.1770 | 7.2285 | 36.6971 | 0.2204 | 0.7355 | 0.3531 | 25.3179 | 45.4286 | 0.2665 | 0.1582 | 7.3765
71 | 5.6860 | 0.2862 | 0.6664 | 0.2997 | 1.2317 | 7.6240 | 0.3335 | 0.1764 | 7.2286 | 36.6510 | 0.2192 | 0.7340 | 0.3517 | 25.3738 | 45.2873 | 0.2679 | 0.1585 | 7.3836
72 | 5.7137 | 0.2864 | 0.6665 | 0.2980 | 1.2312 | 7.6826 | 0.3335 | 0.1760 | 7.2287 | 36.6201 | 0.2190 | 0.7342 | 0.3514 | 24.9971 | 45.6025 | 0.2677 | 0.1579 | 7.3849
73 | 5.7397 | 0.2865 | 0.6666 | 0.2974 | 1.2307 | 7.7359 | 0.3333 | 0.1754 | 7.2287 | 36.5064 | 0.2190 | 0.7342 | 0.3500 | 25.2567 | 45.1179 | 0.2677 | 0.1570 | 7.3886
74 | 5.7702 | 0.2865 | 0.6667 | 0.2973 | 1.2305 | 7.7972 | 0.3333 | 0.1745 | 7.2288 | 36.4657 | 0.2191 | 0.7347 | 0.3516 | 25.0795 | 45.2088 | 0.2672 | 0.1562 | 7.3911
75 | 5.8030 | 0.2862 | 0.6668 | 0.2974 | 1.2300 | 7.8634 | 0.3331 | 0.1733 | 7.2287 | 36.0921 | 0.2186 | 0.7345 | 0.3512 | 24.4937 | 45.0490 | 0.2674 | 0.1549 | 7.3953
76 | 5.8531 | 0.2861 | 0.6669 | 0.2977 | 1.2292 | 7.9639 | 0.3331 | 0.1721 | 7.2288 | 36.1702 | 0.2183 | 0.7344 | 0.3522 | 24.8792 | 44.8203 | 0.2675 | 0.1544 | 7.3833
77 | 5.9144 | 0.2858 | 0.6670 | 0.2987 | 1.2287 | 8.0853 | 0.3329 | 0.1712 | 7.2288 | 36.1261 | 0.2167 | 0.7347 | 0.3531 | 24.5277 | 45.0815 | 0.2672 | 0.1535 | 7.4011
78 | 5.9828 | 0.2856 | 0.6671 | 0.2989 | 1.2279 | 8.2227 | 0.3328 | 0.1702 | 7.2288 | 36.1736 | 0.2164 | 0.7353 | 0.3531 | 24.4485 | 45.2543 | 0.2665 | 0.1517 | 7.4065
79 | 6.0610 | 0.2855 | 0.6673 | 0.2995 | 1.2274 | 8.3785 | 0.3327 | 0.1688 | 7.2289 | 36.3729 | 0.2164 | 0.7339 | 0.3547 | 24.2699 | 45.8315 | 0.2680 | 0.1509 | 7.4040
80 | 6.1312 | 0.2851 | 0.6674 | 0.3008 | 1.2269 | 8.5171 | 0.3325 | 0.1676 | 7.2288 | 36.7091 | 0.2166 | 0.7350 | 0.3554 | 24.4447 | 46.3260 | 0.2668 | 0.1502 | 7.3989
81 | 6.2109 | 0.2850 | 0.6676 | 0.3013 | 1.2263 | 8.6761 | 0.3324 | 0.1662 | 7.2288 | 37.0195 | 0.2152 | 0.7345 | 0.3559 | 24.5623 | 46.8317 | 0.2673 | 0.1488 | 7.4012
82 | 6.2730 | 0.2846 | 0.6677 | 0.3023 | 1.2257 | 8.7993 | 0.3322 | 0.1649 | 7.2287 | 36.9867 | 0.2151 | 0.7347 | 0.3570 | 24.5651 | 46.7598 | 0.2672 | 0.1477 | 7.4083
83 | 6.3603 | 0.2843 | 0.6679 | 0.3034 | 1.2251 | 8.9726 | 0.3321 | 0.1636 | 7.2287 | 36.8915 | 0.2144 | 0.7356 | 0.3593 | 24.2483 | 46.8802 | 0.2663 | 0.1460 | 7.4131
84 | 6.4539 | 0.2836 | 0.6680 | 0.3055 | 1.2244 | 9.1573 | 0.3319 | 0.1623 | 7.2286 | 36.8618 | 0.2128 | 0.7355 | 0.3616 | 24.1986 | 46.8698 | 0.2664 | 0.1447 | 7.4118
85 | 6.5535 | 0.2834 | 0.6682 | 0.3069 | 1.2242 | 9.3541 | 0.3317 | 0.1610 | 7.2283 | 36.9065 | 0.2131 | 0.7351 | 0.3635 | 24.4891 | 46.6643 | 0.2668 | 0.1441 | 7.4157
86 | 6.6547 | 0.2829 | 0.6684 | 0.3078 | 1.2229 | 9.5565 | 0.3316 | 0.1598 | 7.2285 | 37.0534 | 0.2129 | 0.7359 | 0.3635 | 24.1565 | 47.2888 | 0.2660 | 0.1424 | 7.4207
87 | 6.7489 | 0.2828 | 0.6685 | 0.3082 | 1.2229 | 9.7440 | 0.3314 | 0.1585 | 7.2284 | 37.3417 | 0.2130 | 0.7371 | 0.3647 | 24.1525 | 47.8649 | 0.2648 | 0.1416 | 7.4175
88 | 6.8234 | 0.2824 | 0.6686 | 0.3097 | 1.2220 | 9.8916 | 0.3313 | 0.1572 | 7.2283 | 37.5012 | 0.2114 | 0.7361 | 0.3664 | 24.0613 | 48.2773 | 0.2658 | 0.1406 | 7.4141
89 | 6.9279 | 0.2819 | 0.6688 | 0.3116 | 1.2214 | 10.0980 | 0.3311 | 0.1560 | 7.2282 | 37.7204 | 0.2111 | 0.7363 | 0.3677 | 23.9454 | 48.8292 | 0.2656 | 0.1392 | 7.4159
90 | 7.0067 | 0.2815 | 0.6689 | 0.3128 | 1.2207 | 10.2545 | 0.3310 | 0.1548 | 7.2281 | 37.9017 | 0.2104 | 0.7363 | 0.3687 | 24.1114 | 49.0248 | 0.2656 | 0.1388 | 7.4158
91 | 7.0926 | 0.2812 | 0.6690 | 0.3137 | 1.2202 | 10.4253 | 0.3310 | 0.1537 | 7.2280 | 38.0103 | 0.2101 | 0.7361 | 0.3700 | 23.9278 | 49.4238 | 0.2658 | 0.1374 | 7.4178
92 | 7.1949 | 0.2808 | 0.6691 | 0.3152 | 1.2196 | 10.6280 | 0.3308 | 0.1525 | 7.2280 | 38.0802 | 0.2098 | 0.7367 | 0.3716 | 24.0266 | 49.4610 | 0.2652 | 0.1363 | 7.4177
93 | 7.2876 | 0.2805 | 0.6692 | 0.3162 | 1.2189 | 10.8126 | 0.3307 | 0.1516 | 7.2279 | 38.1556 | 0.2094 | 0.7370 | 0.3724 | 24.0164 | 49.6199 | 0.2649 | 0.1355 | 7.4212
94 | 7.3535 | 0.2803 | 0.6693 | 0.3168 | 1.2187 | 10.9435 | 0.3306 | 0.1507 | 7.2277 | 38.2455 | 0.2091 | 0.7367 | 0.3730 | 24.0345 | 49.7823 | 0.2653 | 0.1349 | 7.4190
95 | 7.4438 | 0.2802 | 0.6694 | 0.3173 | 1.2182 | 11.1238 | 0.3306 | 0.1498 | 7.2276 | 38.2917 | 0.2089 | 0.7370 | 0.3736 | 23.9760 | 49.9314 | 0.2649 | 0.1342 | 7.4195
96 | 7.5321 | 0.2801 | 0.6694 | 0.3182 | 1.2177 | 11.2991 | 0.3305 | 0.1492 | 7.2275 | 38.3235 | 0.2090 | 0.7370 | 0.3744 | 23.9473 | 50.0222 | 0.2649 | 0.1336 | 7.4189
97 | 7.5911 | 0.2799 | 0.6695 | 0.3189 | 1.2172 | 11.4166 | 0.3304 | 0.1487 | 7.2275 | 38.5131 | 0.2088 | 0.7371 | 0.3751 | 24.1281 | 50.2194 | 0.2648 | 0.1334 | 7.4180
98 | 7.6466 | 0.2797 | 0.6695 | 0.3192 | 1.2167 | 11.5278 | 0.3304 | 0.1485 | 7.2272 | 38.5817 | 0.2089 | 0.7370 | 0.3750 | 24.0593 | 50.4256 | 0.2649 | 0.1333 | 7.4173
99 | 7.6935 | 0.2797 | 0.6695 | 0.3194 | 1.2168 | 11.6211 | 0.3304 | 0.1483 | 7.2271 | 38.5714 | 0.2088 | 0.7370 | 0.3753 | 24.0215 | 50.4426 | 0.2649 | 0.1331 | 7.4175
100 | 7.7065 | 0.2797 | 0.6696 | 0.3194 | 1.2165 | 11.6474 | 0.3304 | 0.1483 | 7.2268 | 38.5906 | 0.2088 | 0.7371 | 0.3753 | 24.0861 | 50.4165 | 0.2648 | 0.1331 | 7.4170
epoch | loss | sim_loss | var_pred | var_target | cov_pred | cov_target | feat_std | feat_std_ctx | feat_norm | val_loss | val_sim_loss | val_var_pred | val_var_target | val_cov_pred | val_cov_target | val_feat_std | val_feat_std_ctx | val_feat_norm
1 | 5.0937 | 0.3968 | 0.1074 | 0.0194 | 1.4342 | 37.7813 | 0.2925 | 0.8533 | 6.1733 | 17.6941 | 0.3002 | 0.2095 | 0.0087 | 68.2186 | 94.7172 | 0.1903 | 0.7696 | 4.8345
2 | 2.2277 | 0.3676 | 0.1047 | 0.0000 | 1.3429 | 10.5503 | 0.2952 | 0.9421 | 6.2032 | 9.7696 | 0.2921 | 0.1696 | 0.0044 | 36.3892 | 49.4881 | 0.2304 | 0.8315 | 5.3600
3 | 1.6638 | 0.3424 | 0.1037 | 0.0000 | 1.3666 | 5.1409 | 0.2962 | 0.9154 | 6.2241 | 6.1943 | 0.2842 | 0.1347 | 0.0004 | 20.9648 | 30.6277 | 0.2652 | 0.8405 | 5.8525
4 | 1.4934 | 0.3215 | 0.1026 | 0.0000 | 1.3703 | 3.6502 | 0.2973 | 0.8643 | 6.2435 | 5.9099 | 0.2753 | 0.1212 | 0.0005 | 19.3567 | 29.6587 | 0.2789 | 0.7841 | 6.1077
5 | 1.4314 | 0.3134 | 0.1022 | 0.0000 | 1.3697 | 3.1157 | 0.2977 | 0.7805 | 6.2515 | 5.6344 | 0.2727 | 0.1166 | 0.0005 | 18.3643 | 27.9706 | 0.2836 | 0.6977 | 6.1881
6 | 1.3924 | 0.3088 | 0.1020 | 0.0000 | 1.3694 | 2.7749 | 0.2979 | 0.6821 | 6.2561 | 5.3297 | 0.2721 | 0.1137 | 0.0006 | 16.6932 | 26.6489 | 0.2866 | 0.6079 | 6.2269
7 | 1.3679 | 0.3067 | 0.1018 | 0.0000 | 1.3684 | 2.5522 | 0.2981 | 0.5842 | 6.2594 | 5.0780 | 0.2734 | 0.1125 | 0.0008 | 15.5091 | 25.3162 | 0.2879 | 0.5187 | 6.2408
8 | 1.3546 | 0.3062 | 0.1017 | 0.0000 | 1.3659 | 2.4271 | 0.2982 | 0.4961 | 6.2611 | 4.8515 | 0.2747 | 0.1116 | 0.0009 | 14.4209 | 24.1569 | 0.2889 | 0.4425 | 6.2456
9 | 1.3457 | 0.3066 | 0.1017 | 0.0000 | 1.3675 | 2.3324 | 0.2982 | 0.4265 | 6.2620 | 4.8223 | 0.2776 | 0.1113 | 0.0008 | 14.1879 | 24.0829 | 0.2891 | 0.3864 | 6.2487
10 | 1.3382 | 0.3067 | 0.1017 | 0.0000 | 1.3715 | 2.2520 | 0.2982 | 0.3788 | 6.2627 | 4.7368 | 0.2787 | 0.1106 | 0.0006 | 13.5128 | 23.9331 | 0.2897 | 0.3508 | 6.2482
11 | 1.3307 | 0.3059 | 0.1016 | 0.0000 | 1.3780 | 2.1775 | 0.2983 | 0.3495 | 6.2639 | 4.6755 | 0.2772 | 0.1103 | 0.0007 | 13.4330 | 23.4167 | 0.2900 | 0.3288 | 6.2538
12 | 1.3252 | 0.3057 | 0.1016 | 0.0000 | 1.3803 | 2.1217 | 0.2983 | 0.3323 | 6.2649 | 4.6089 | 0.2789 | 0.1103 | 0.0006 | 13.2895 | 22.8706 | 0.2900 | 0.3158 | 6.2564
13 | 1.3225 | 0.3059 | 0.1015 | 0.0000 | 1.3792 | 2.0952 | 0.2984 | 0.3228 | 6.2652 | 4.5282 | 0.2768 | 0.1097 | 0.0006 | 12.9101 | 22.4807 | 0.2906 | 0.3098 | 6.2628
14 | 1.3184 | 0.3058 | 0.1015 | 0.0000 | 1.3751 | 2.0588 | 0.2984 | 0.3183 | 6.2653 | 4.3588 | 0.2775 | 0.1092 | 0.0008 | 12.3644 | 21.3461 | 0.2909 | 0.3073 | 6.2617
15 | 1.3148 | 0.3053 | 0.1015 | 0.0000 | 1.3722 | 2.0302 | 0.2984 | 0.3175 | 6.2656 | 4.2831 | 0.2761 | 0.1089 | 0.0007 | 11.9612 | 21.0257 | 0.2912 | 0.3078 | 6.2603
16 | 1.3136 | 0.3048 | 0.1015 | 0.0000 | 1.3747 | 2.0208 | 0.2984 | 0.3190 | 6.2658 | 4.2602 | 0.2765 | 0.1092 | 0.0007 | 12.0722 | 20.6706 | 0.2909 | 0.3101 | 6.2595
17 | 1.3120 | 0.3044 | 0.1015 | 0.0000 | 1.3762 | 2.0076 | 0.2984 | 0.3219 | 6.2657 | 4.2600 | 0.2790 | 0.1089 | 0.0008 | 11.9025 | 20.8174 | 0.2912 | 0.3128 | 6.2604
18 | 1.3123 | 0.3042 | 0.1015 | 0.0000 | 1.3801 | 2.0083 | 0.2984 | 0.3248 | 6.2654 | 4.3771 | 0.2753 | 0.1096 | 0.0008 | 12.3434 | 21.5584 | 0.2905 | 0.3156 | 6.2567
19 | 1.3158 | 0.3038 | 0.1016 | 0.0000 | 1.3961 | 2.0308 | 0.2983 | 0.3287 | 6.2650 | 4.4325 | 0.2740 | 0.1094 | 0.0008 | 12.5171 | 21.9475 | 0.2907 | 0.3199 | 6.2616
20 | 1.3131 | 0.3026 | 0.1015 | 0.0000 | 1.3986 | 2.0120 | 0.2984 | 0.3329 | 6.2659 | 4.4078 | 0.2740 | 0.1100 | 0.0010 | 12.5293 | 21.6749 | 0.2901 | 0.3229 | 6.2526
21 | 1.3102 | 0.3020 | 0.1015 | 0.0000 | 1.3999 | 1.9879 | 0.2984 | 0.3360 | 6.2664 | 4.4501 | 0.2727 | 0.1097 | 0.0008 | 12.9505 | 21.6866 | 0.2905 | 0.3257 | 6.2640
22 | 1.3063 | 0.3014 | 0.1015 | 0.0000 | 1.4012 | 1.9534 | 0.2984 | 0.3385 | 6.2671 | 4.3620 | 0.2742 | 0.1101 | 0.0007 | 12.8113 | 20.9337 | 0.2900 | 0.3274 | 6.2560
23 | 1.3032 | 0.3010 | 0.1015 | 0.0000 | 1.4032 | 1.9242 | 0.2984 | 0.3405 | 6.2676 | 4.2452 | 0.2712 | 0.1092 | 0.0003 | 12.8505 | 19.7798 | 0.2909 | 0.3300 | 6.2729
24 | 1.2988 | 0.3002 | 0.1014 | 0.0000 | 1.4031 | 1.8888 | 0.2985 | 0.3423 | 6.2685 | 4.2109 | 0.2720 | 0.1094 | 0.0003 | 12.7422 | 19.5473 | 0.2907 | 0.3317 | 6.2656
25 | 1.2952 | 0.2994 | 0.1014 | 0.0000 | 1.4070 | 1.8570 | 0.2985 | 0.3448 | 6.2691 | 4.1791 | 0.2698 | 0.1089 | 0.0004 | 12.8643 | 19.1402 | 0.2911 | 0.3350 | 6.2683
26 | 1.2913 | 0.2982 | 0.1014 | 0.0000 | 1.4086 | 1.8284 | 0.2986 | 0.3465 | 6.2699 | 4.0731 | 0.2691 | 0.1087 | 0.0002 | 12.7948 | 18.1804 | 0.2914 | 0.3364 | 6.2681
27 | 1.2875 | 0.2972 | 0.1013 | 0.0000 | 1.4090 | 1.7989 | 0.2986 | 0.3472 | 6.2706 | 4.0415 | 0.2697 | 0.1085 | 0.0002 | 12.7225 | 17.9405 | 0.2915 | 0.3374 | 6.2673
28 | 1.2855 | 0.2963 | 0.1013 | 0.0000 | 1.4121 | 1.7851 | 0.2986 | 0.3474 | 6.2712 | 4.0306 | 0.2688 | 0.1087 | 0.0002 | 12.9057 | 17.6450 | 0.2913 | 0.3356 | 6.2685
29 | 1.2838 | 0.2954 | 0.1013 | 0.0000 | 1.4137 | 1.7753 | 0.2986 | 0.3463 | 6.2717 | 4.0278 | 0.2672 | 0.1083 | 0.0002 | 12.8589 | 17.6856 | 0.2917 | 0.3355 | 6.2733
30 | 1.2827 | 0.2945 | 0.1012 | 0.0000 | 1.4154 | 1.7715 | 0.2987 | 0.3456 | 6.2720 | 4.0683 | 0.2671 | 0.1088 | 0.0002 | 13.0928 | 17.8505 | 0.2912 | 0.3347 | 6.2670
31 | 1.2809 | 0.2938 | 0.1012 | 0.0000 | 1.4155 | 1.7598 | 0.2987 | 0.3449 | 6.2724 | 4.0709 | 0.2652 | 0.1086 | 0.0002 | 13.2264 | 17.7527 | 0.2914 | 0.3343 | 6.2741
32 | 1.2795 | 0.2933 | 0.1012 | 0.0000 | 1.4165 | 1.7506 | 0.2987 | 0.3446 | 6.2724 | 4.0677 | 0.2654 | 0.1089 | 0.0002 | 13.1751 | 17.7765 | 0.2910 | 0.3343 | 6.2643
33 | 1.2786 | 0.2928 | 0.1012 | 0.0000 | 1.4179 | 1.7444 | 0.2987 | 0.3447 | 6.2726 | 4.0602 | 0.2663 | 0.1086 | 0.0002 | 13.1064 | 17.7587 | 0.2914 | 0.3339 | 6.2721
34 | 1.2774 | 0.2923 | 0.1012 | 0.0000 | 1.4179 | 1.7373 | 0.2987 | 0.3440 | 6.2729 | 4.0625 | 0.2658 | 0.1083 | 0.0002 | 13.1269 | 17.7739 | 0.2917 | 0.3338 | 6.2762
35 | 1.2762 | 0.2920 | 0.1012 | 0.0000 | 1.4184 | 1.7281 | 0.2987 | 0.3437 | 6.2728 | 4.0434 | 0.2648 | 0.1081 | 0.0002 | 13.1238 | 17.6067 | 0.2919 | 0.3335 | 6.2760
36 | 1.2744 | 0.2912 | 0.1012 | 0.0000 | 1.4190 | 1.7171 | 0.2987 | 0.3430 | 6.2731 | 4.0334 | 0.2642 | 0.1081 | 0.0002 | 13.1243 | 17.5077 | 0.2918 | 0.3323 | 6.2768
37 | 1.2734 | 0.2907 | 0.1012 | 0.0000 | 1.4192 | 1.7119 | 0.2987 | 0.3427 | 6.2731 | 4.0185 | 0.2653 | 0.1087 | 0.0002 | 13.0739 | 17.4008 | 0.2912 | 0.3327 | 6.2640
38 | 1.2716 | 0.2898 | 0.1012 | 0.0000 | 1.4205 | 1.7018 | 0.2987 | 0.3424 | 6.2733 | 4.0158 | 0.2632 | 0.1085 | 0.0002 | 13.0858 | 17.3774 | 0.2914 | 0.3325 | 6.2698
39 | 1.2707 | 0.2892 | 0.1012 | 0.0000 | 1.4207 | 1.6981 | 0.2987 | 0.3420 | 6.2733 | 4.0159 | 0.2623 | 0.1082 | 0.0002 | 13.0443 | 17.4273 | 0.2917 | 0.3320 | 6.2756
40 | 1.2695 | 0.2887 | 0.1012 | 0.0000 | 1.4203 | 1.6923 | 0.2987 | 0.3416 | 6.2734 | 4.0046 | 0.2625 | 0.1081 | 0.0003 | 13.0136 | 17.3464 | 0.2918 | 0.3317 | 6.2759
41 | 1.2686 | 0.2880 | 0.1012 | 0.0000 | 1.4203 | 1.6895 | 0.2987 | 0.3408 | 6.2733 | 4.0079 | 0.2606 | 0.1081 | 0.0003 | 13.0560 | 17.3365 | 0.2919 | 0.3301 | 6.2822
42 | 1.2679 | 0.2874 | 0.1012 | 0.0000 | 1.4208 | 1.6880 | 0.2987 | 0.3394 | 6.2733 | 4.0067 | 0.2615 | 0.1085 | 0.0004 | 13.0227 | 17.3448 | 0.2915 | 0.3287 | 6.2759
43 | 1.2670 | 0.2869 | 0.1012 | 0.0000 | 1.4206 | 1.6837 | 0.2987 | 0.3389 | 6.2732 | 4.0416 | 0.2608 | 0.1082 | 0.0003 | 13.2723 | 17.4600 | 0.2918 | 0.3289 | 6.2800
44 | 1.2660 | 0.2863 | 0.1012 | 0.0000 | 1.4205 | 1.6798 | 0.2987 | 0.3384 | 6.2734 | 4.0563 | 0.2598 | 0.1089 | 0.0002 | 13.3474 | 17.5379 | 0.2911 | 0.3278 | 6.2695
45 | 1.2650 | 0.2856 | 0.1012 | 0.0000 | 1.4209 | 1.6770 | 0.2987 | 0.3376 | 6.2734 | 4.0340 | 0.2600 | 0.1082 | 0.0003 | 13.2227 | 17.4415 | 0.2917 | 0.3276 | 6.2777
46 | 1.2640 | 0.2849 | 0.1012 | 0.0000 | 1.4204 | 1.6735 | 0.2987 | 0.3369 | 6.2733 | 4.0305 | 0.2583 | 0.1083 | 0.0003 | 13.3558 | 17.2887 | 0.2917 | 0.3265 | 6.2781
47 | 1.2633 | 0.2844 | 0.1012 | 0.0000 | 1.4194 | 1.6723 | 0.2987 | 0.3355 | 6.2731 | 3.9843 | 0.2597 | 0.1084 | 0.0004 | 13.0603 | 17.1107 | 0.2916 | 0.3249 | 6.2738
48 | 1.2625 | 0.2838 | 0.1012 | 0.0000 | 1.4195 | 1.6708 | 0.2987 | 0.3345 | 6.2731 | 4.0128 | 0.2568 | 0.1084 | 0.0006 | 13.1534 | 17.3133 | 0.2916 | 0.3244 | 6.2775
49 | 1.2622 | 0.2832 | 0.1012 | 0.0001 | 1.4192 | 1.6685 | 0.2987 | 0.3338 | 6.2730 | 3.9822 | 0.2588 | 0.1084 | 0.0009 | 12.9349 | 17.1965 | 0.2915 | 0.3239 | 6.2744
50 | 1.2635 | 0.2827 | 0.1013 | 0.0005 | 1.4195 | 1.6683 | 0.2986 | 0.3330 | 6.2730 | 3.9745 | 0.2561 | 0.1084 | 0.0012 | 13.0083 | 17.0523 | 0.2916 | 0.3232 | 6.2768
51 | 1.2648 | 0.2822 | 0.1013 | 0.0009 | 1.4190 | 1.6669 | 0.2987 | 0.3330 | 6.2731 | 3.9689 | 0.2559 | 0.1086 | 0.0016 | 12.9041 | 17.0866 | 0.2914 | 0.3241 | 6.2729
52 | 1.2661 | 0.2815 | 0.1012 | 0.0013 | 1.4191 | 1.6635 | 0.2987 | 0.3332 | 6.2733 | 3.9706 | 0.2560 | 0.1087 | 0.0021 | 12.8761 | 17.1036 | 0.2913 | 0.3236 | 6.2698
53 | 1.2668 | 0.2808 | 0.1013 | 0.0017 | 1.4185 | 1.6611 | 0.2986 | 0.3329 | 6.2730 | 4.0026 | 0.2553 | 0.1086 | 0.0023 | 13.0490 | 17.2379 | 0.2914 | 0.3228 | 6.2753
54 | 1.2674 | 0.2799 | 0.1013 | 0.0019 | 1.4189 | 1.6622 | 0.2986 | 0.3325 | 6.2728 | 4.0206 | 0.2542 | 0.1087 | 0.0026 | 13.1557 | 17.2988 | 0.2914 | 0.3229 | 6.2774
55 | 1.2673 | 0.2792 | 0.1013 | 0.0020 | 1.4183 | 1.6628 | 0.2986 | 0.3327 | 6.2726 | 4.0269 | 0.2537 | 0.1087 | 0.0026 | 13.1379 | 17.3794 | 0.2913 | 0.3227 | 6.2779
56 | 1.2680 | 0.2784 | 0.1013 | 0.0022 | 1.4169 | 1.6683 | 0.2986 | 0.3328 | 6.2721 | 4.0312 | 0.2530 | 0.1086 | 0.0029 | 13.2434 | 17.3068 | 0.2914 | 0.3228 | 6.2812
57 | 1.2696 | 0.2780 | 0.1013 | 0.0025 | 1.4165 | 1.6765 | 0.2986 | 0.3329 | 6.2721 | 4.0078 | 0.2521 | 0.1087 | 0.0032 | 13.0947 | 17.2122 | 0.2913 | 0.3234 | 6.2811
58 | 1.2700 | 0.2773 | 0.1013 | 0.0027 | 1.4155 | 1.6776 | 0.2986 | 0.3335 | 6.2719 | 3.9796 | 0.2522 | 0.1088 | 0.0033 | 12.9419 | 17.0834 | 0.2912 | 0.3241 | 6.2759
59 | 1.2702 | 0.2770 | 0.1014 | 0.0029 | 1.4147 | 1.6746 | 0.2986 | 0.3340 | 6.2718 | 4.0109 | 0.2515 | 0.1090 | 0.0038 | 13.1550 | 17.1619 | 0.2910 | 0.3247 | 6.2747
60 | 1.2719 | 0.2767 | 0.1014 | 0.0033 | 1.4149 | 1.6724 | 0.2985 | 0.3350 | 6.2714 | 4.0147 | 0.2522 | 0.1091 | 0.0040 | 13.0186 | 17.3184 | 0.2910 | 0.3259 | 6.2722
61 | 1.2739 | 0.2765 | 0.1014 | 0.0037 | 1.4139 | 1.6737 | 0.2985 | 0.3361 | 6.2712 | 4.0331 | 0.2516 | 0.1092 | 0.0045 | 13.1933 | 17.2970 | 0.2908 | 0.3271 | 6.2746
62 | 1.2761 | 0.2764 | 0.1014 | 0.0042 | 1.4139 | 1.6748 | 0.2985 | 0.3372 | 6.2711 | 4.0275 | 0.2515 | 0.1091 | 0.0049 | 13.1228 | 17.3009 | 0.2910 | 0.3278 | 6.2732
63 | 1.2784 | 0.2763 | 0.1014 | 0.0044 | 1.4133 | 1.6847 | 0.2985 | 0.3381 | 6.2712 | 4.0820 | 0.2517 | 0.1094 | 0.0052 | 13.4506 | 17.4778 | 0.2907 | 0.3284 | 6.2775
64 | 1.2802 | 0.2767 | 0.1014 | 0.0046 | 1.4119 | 1.6910 | 0.2985 | 0.3392 | 6.2711 | 4.0772 | 0.2518 | 0.1094 | 0.0055 | 13.3736 | 17.4942 | 0.2907 | 0.3296 | 6.2762
65 | 1.2828 | 0.2767 | 0.1014 | 0.0050 | 1.4111 | 1.6981 | 0.2985 | 0.3400 | 6.2710 | 4.0578 | 0.2510 | 0.1095 | 0.0061 | 13.3449 | 17.2936 | 0.2905 | 0.3301 | 6.2786
66 | 1.2852 | 0.2767 | 0.1015 | 0.0055 | 1.4087 | 1.6979 | 0.2984 | 0.3404 | 6.2706 | 4.0569 | 0.2517 | 0.1099 | 0.0068 | 13.2948 | 17.2834 | 0.2903 | 0.3300 | 6.2766
67 | 1.2895 | 0.2766 | 0.1015 | 0.0061 | 1.4075 | 1.7127 | 0.2984 | 0.3404 | 6.2706 | 4.0788 | 0.2515 | 0.1098 | 0.0075 | 13.4907 | 17.2611 | 0.2903 | 0.3304 | 6.2817
68 | 1.2948 | 0.2771 | 0.1015 | 0.0069 | 1.4070 | 1.7232 | 0.2984 | 0.3404 | 6.2704 | 4.0417 | 0.2528 | 0.1102 | 0.0085 | 13.1221 | 17.1968 | 0.2900 | 0.3304 | 6.2749
69 | 1.2992 | 0.2775 | 0.1015 | 0.0076 | 1.4054 | 1.7283 | 0.2984 | 0.3403 | 6.2701 | 4.0296 | 0.2528 | 0.1102 | 0.0093 | 13.0035 | 17.1510 | 0.2900 | 0.3301 | 6.2746
70 | 1.3052 | 0.2778 | 0.1016 | 0.0084 | 1.4029 | 1.7448 | 0.2983 | 0.3398 | 6.2698 | 4.0439 | 0.2532 | 0.1103 | 0.0105 | 13.0696 | 17.1600 | 0.2899 | 0.3295 | 6.2751
71 | 1.3145 | 0.2781 | 0.1016 | 0.0096 | 1.4015 | 1.7757 | 0.2983 | 0.3392 | 6.2695 | 4.0718 | 0.2531 | 0.1102 | 0.0120 | 13.2854 | 17.1431 | 0.2899 | 0.3296 | 6.2773
72 | 1.3267 | 0.2786 | 0.1016 | 0.0111 | 1.3998 | 1.8194 | 0.2983 | 0.3387 | 6.2692 | 4.0642 | 0.2542 | 0.1105 | 0.0138 | 13.1084 | 17.1364 | 0.2897 | 0.3290 | 6.2742
73 | 1.3421 | 0.2789 | 0.1016 | 0.0128 | 1.3983 | 1.8894 | 0.2983 | 0.3384 | 6.2689 | 4.0923 | 0.2544 | 0.1106 | 0.0155 | 13.1703 | 17.2626 | 0.2897 | 0.3288 | 6.2766
74 | 1.3590 | 0.2792 | 0.1017 | 0.0145 | 1.3961 | 1.9721 | 0.2982 | 0.3379 | 6.2686 | 4.1084 | 0.2547 | 0.1108 | 0.0174 | 13.1661 | 17.3194 | 0.2894 | 0.3285 | 6.2761
75 | 1.3774 | 0.2793 | 0.1017 | 0.0161 | 1.3940 | 2.0771 | 0.2982 | 0.3374 | 6.2684 | 4.1184 | 0.2542 | 0.1112 | 0.0190 | 13.1543 | 17.3430 | 0.2891 | 0.3286 | 6.2740
76 | 1.3918 | 0.2793 | 0.1017 | 0.0176 | 1.3932 | 2.1444 | 0.2982 | 0.3371 | 6.2685 | 4.1266 | 0.2536 | 0.1112 | 0.0207 | 13.0920 | 17.3993 | 0.2890 | 0.3278 | 6.2771
77 | 1.4060 | 0.2788 | 0.1017 | 0.0191 | 1.3919 | 2.2171 | 0.2982 | 0.3368 | 6.2684 | 4.1469 | 0.2542 | 0.1113 | 0.0223 | 13.1652 | 17.4421 | 0.2889 | 0.3280 | 6.2743
78 | 1.4251 | 0.2788 | 0.1017 | 0.0204 | 1.3905 | 2.3440 | 0.2982 | 0.3363 | 6.2682 | 4.1493 | 0.2543 | 0.1114 | 0.0238 | 13.0505 | 17.5018 | 0.2888 | 0.3277 | 6.2752
79 | 1.4448 | 0.2791 | 0.1018 | 0.0217 | 1.3879 | 2.4757 | 0.2982 | 0.3359 | 6.2676 | 4.1687 | 0.2534 | 0.1118 | 0.0250 | 13.1693 | 17.5099 | 0.2884 | 0.3276 | 6.2721
80 | 1.4605 | 0.2794 | 0.1018 | 0.0229 | 1.3863 | 2.5727 | 0.2981 | 0.3355 | 6.2670 | 4.1877 | 0.2539 | 0.1118 | 0.0262 | 13.2111 | 17.5864 | 0.2885 | 0.3275 | 6.2759
81 | 1.4755 | 0.2795 | 0.1018 | 0.0239 | 1.3855 | 2.6698 | 0.2981 | 0.3350 | 6.2667 | 4.1722 | 0.2531 | 0.1120 | 0.0273 | 13.0645 | 17.5266 | 0.2883 | 0.3273 | 6.2735
82 | 1.4945 | 0.2796 | 0.1018 | 0.0250 | 1.3835 | 2.8087 | 0.2981 | 0.3344 | 6.2662 | 4.1959 | 0.2535 | 0.1122 | 0.0284 | 13.1154 | 17.6468 | 0.2881 | 0.3269 | 6.2737
83 | 1.5153 | 0.2798 | 0.1018 | 0.0260 | 1.3815 | 2.9649 | 0.2981 | 0.3341 | 6.2661 | 4.2122 | 0.2535 | 0.1121 | 0.0294 | 13.0971 | 17.7770 | 0.2881 | 0.3274 | 6.2741
84 | 1.5323 | 0.2798 | 0.1019 | 0.0269 | 1.3799 | 3.0903 | 0.2981 | 0.3336 | 6.2658 | 4.2166 | 0.2536 | 0.1125 | 0.0302 | 13.0942 | 17.7744 | 0.2878 | 0.3264 | 6.2699
85 | 1.5500 | 0.2798 | 0.1019 | 0.0277 | 1.3784 | 3.2318 | 0.2980 | 0.3329 | 6.2657 | 4.2383 | 0.2531 | 0.1124 | 0.0309 | 13.1032 | 17.9501 | 0.2879 | 0.3266 | 6.2746
86 | 1.5635 | 0.2797 | 0.1019 | 0.0283 | 1.3783 | 3.3383 | 0.2980 | 0.3321 | 6.2654 | 4.2437 | 0.2528 | 0.1125 | 0.0316 | 13.0236 | 18.0494 | 0.2878 | 0.3256 | 6.2731
87 | 1.5778 | 0.2796 | 0.1019 | 0.0289 | 1.3766 | 3.4537 | 0.2980 | 0.3311 | 6.2653 | 4.2590 | 0.2528 | 0.1127 | 0.0321 | 13.0676 | 18.1257 | 0.2876 | 0.3247 | 6.2722
88 | 1.5913 | 0.2795 | 0.1019 | 0.0293 | 1.3743 | 3.5707 | 0.2980 | 0.3300 | 6.2650 | 4.2719 | 0.2527 | 0.1126 | 0.0325 | 13.0540 | 18.2535 | 0.2877 | 0.3236 | 6.2720
89 | 1.6031 | 0.2793 | 0.1019 | 0.0296 | 1.3743 | 3.6746 | 0.2980 | 0.3286 | 6.2648 | 4.2805 | 0.2524 | 0.1126 | 0.0329 | 13.0311 | 18.3423 | 0.2877 | 0.3222 | 6.2724
90 | 1.6169 | 0.2789 | 0.1019 | 0.0299 | 1.3729 | 3.8021 | 0.2980 | 0.3267 | 6.2646 | 4.3020 | 0.2519 | 0.1126 | 0.0332 | 13.1245 | 18.4473 | 0.2877 | 0.3207 | 6.2744
91 | 1.6292 | 0.2784 | 0.1019 | 0.0301 | 1.3717 | 3.9250 | 0.2980 | 0.3245 | 6.2644 | 4.3173 | 0.2513 | 0.1127 | 0.0334 | 13.0852 | 18.6395 | 0.2877 | 0.3186 | 6.2728
92 | 1.6443 | 0.2780 | 0.1019 | 0.0301 | 1.3706 | 4.0824 | 0.2980 | 0.3220 | 6.2641 | 4.3356 | 0.2506 | 0.1129 | 0.0335 | 13.0651 | 18.8365 | 0.2875 | 0.3162 | 6.2722
93 | 1.6632 | 0.2774 | 0.1019 | 0.0301 | 1.3703 | 4.2752 | 0.2980 | 0.3192 | 6.2637 | 4.3451 | 0.2501 | 0.1128 | 0.0335 | 12.9848 | 19.0171 | 0.2876 | 0.3138 | 6.2725
94 | 1.6842 | 0.2768 | 0.1019 | 0.0301 | 1.3694 | 4.4912 | 0.2980 | 0.3166 | 6.2634 | 4.3880 | 0.2495 | 0.1129 | 0.0336 | 13.1088 | 19.3209 | 0.2875 | 0.3114 | 6.2732
95 | 1.7090 | 0.2765 | 0.1019 | 0.0301 | 1.3699 | 4.7459 | 0.2980 | 0.3142 | 6.2631 | 4.4182 | 0.2489 | 0.1128 | 0.0335 | 13.1246 | 19.6210 | 0.2875 | 0.3097 | 6.2723
96 | 1.7349 | 0.2763 | 0.1019 | 0.0300 | 1.3687 | 5.0117 | 0.2980 | 0.3122 | 6.2628 | 4.4479 | 0.2491 | 0.1128 | 0.0335 | 13.1182 | 19.9240 | 0.2875 | 0.3081 | 6.2717
97 | 1.7597 | 0.2760 | 0.1019 | 0.0300 | 1.3678 | 5.2651 | 0.2980 | 0.3107 | 6.2625 | 4.4776 | 0.2489 | 0.1129 | 0.0334 | 13.1758 | 20.1656 | 0.2875 | 0.3070 | 6.2720
98 | 1.7798 | 0.2759 | 0.1019 | 0.0300 | 1.3664 | 5.4706 | 0.2980 | 0.3096 | 6.2623 | 4.5007 | 0.2488 | 0.1129 | 0.0334 | 13.2103 | 20.3661 | 0.2875 | 0.3062 | 6.2719
99 | 1.7948 | 0.2758 | 0.1019 | 0.0299 | 1.3666 | 5.6251 | 0.2980 | 0.3090 | 6.2621 | 4.5135 | 0.2488 | 0.1129 | 0.0334 | 13.1941 | 20.5120 | 0.2875 | 0.3059 | 6.2718
100 | 1.8020 | 0.2759 | 0.1019 | 0.0299 | 1.3671 | 5.6974 | 0.2980 | 0.3088 | 6.2618 | 4.5195 | 0.2488 | 0.1129 | 0.0333 | 13.1966 | 20.5700 | 0.2875 | 0.3058 | 6.2716
